id,name,model_id:id,group_id:id,perm_read,perm_write,perm_create,perm_unlink
access_sc_supplier_type_read,sc.supplier.type.read,model_sc_supplier_type,smart_construction_core.group_sc_internal_user,1,0,0,0
access_sc_supplier_type_business_config,sc.supplier.type.business.config,model_sc_supplier_type,smart_construction_core.group_sc_cap_business_config_admin,1,1,1,1
access_sc_supplier_type_admin,sc.supplier.type.admin,model_sc_supplier_type,smart_construction_core.group_sc_cap_config_admin,1,1,1,1
access_sc_dictionary_read,sc.dictionary.read,model_sc_dictionary,smart_construction_core.group_sc_cap_data_read,1,0,0,0
access_sc_dictionary_admin,sc.dictionary.admin,model_sc_dictionary,smart_construction_core.group_sc_cap_config_admin,1,1,1,1
access_sc_dictionary_project_manager,sc.dictionary.project.manager,model_sc_dictionary,smart_construction_core.group_sc_cap_project_manager,1,1,1,0
access_sc_business_category_read,sc.business.category.read,model_sc_business_category,smart_construction_core.group_sc_internal_user,1,0,0,0
access_sc_business_category_business_config,sc.business.category.business.config,model_sc_business_category,smart_construction_core.group_sc_cap_business_config_admin,1,1,1,1
access_sc_business_category_config_admin,sc.business.category.config.admin,model_sc_business_category,smart_construction_core.group_sc_cap_config_admin,1,1,1,1
access_sc_project_document_user,sc.project.document.user,model_sc_project_document,smart_construction_core.group_sc_cap_project_user,1,1,1,0
access_sc_project_document_manager,sc.project.document.manager,model_sc_project_document,smart_construction_core.group_sc_cap_project_manager,1,1,1,1
access_sc_project_document_read,sc.project.document.read,model_sc_project_document,smart_construction_core.group_sc_cap_project_read,1,0,0,0
access_construction_contract_business_initiator,construction.contract.business.initiator,model_construction_contract,smart_construction_core.group_sc_cap_business_initiator,1,1,1,0
access_construction_contract_user,construction.contract.user,model_construction_contract,smart_construction_core.group_sc_cap_contract_user,1,1,1,0
access_construction_contract_manager,construction.contract.manager,model_construction_contract,smart_construction_core.group_sc_cap_contract_manager,1,1,1,1
access_construction_contract_finance_read,construction.contract.finance.read,model_construction_contract,smart_construction_core.group_sc_cap_finance_read,1,0,0,0
access_construction_contract_finance_user,construction.contract.finance.user,model_construction_contract,smart_construction_core.group_sc_cap_finance_user,1,0,0,0
access_construction_contract_finance_manager,construction.contract.finance.manager,model_construction_contract,smart_construction_core.group_sc_cap_finance_manager,1,0,0,0
access_construction_contract_config_admin,construction.contract.config.admin,model_construction_contract,smart_construction_core.group_sc_cap_config_admin,1,1,1,1
access_construction_contract_business_config_admin,construction.contract.business.config.admin,model_construction_contract,smart_construction_core.group_sc_cap_business_config_admin,1,1,1,1
access_construction_contract_line_business_initiator,construction.contract.line.business.initiator,model_construction_contract_line,smart_construction_core.group_sc_cap_business_initiator,1,1,1,0
access_construction_contract_line_user,construction.contract.line.user,model_construction_contract_line,smart_construction_core.group_sc_cap_contract_user,1,1,1,0
access_construction_contract_line_manager,construction.contract.line.manager,model_construction_contract_line,smart_construction_core.group_sc_cap_contract_manager,1,1,1,1
access_construction_contract_line_read,construction.contract.line.read,model_construction_contract_line,smart_construction_core.group_sc_cap_contract_read,1,0,0,0
access_construction_contract_line_config_admin,construction.contract.line.config.admin,model_construction_contract_line,smart_construction_core.group_sc_cap_config_admin,1,1,1,1
access_construction_contract_read,construction.contract.read,model_construction_contract,smart_construction_core.group_sc_cap_contract_read,1,0,0,0
access_construction_contract_income_business_initiator,construction.contract.income.business.initiator,model_construction_contract_income,smart_construction_core.group_sc_cap_business_initiator,1,1,1,0
access_construction_contract_income_user,construction.contract.income.user,model_construction_contract_income,smart_construction_core.group_sc_cap_contract_user,1,1,1,0
access_construction_contract_income_manager,construction.contract.income.manager,model_construction_contract_income,smart_construction_core.group_sc_cap_contract_manager,1,1,1,1
access_construction_contract_income_read,construction.contract.income.read,model_construction_contract_income,smart_construction_core.group_sc_cap_contract_read,1,0,0,0
access_sc_income_contract_ledger_business_initiator,sc.income.contract.ledger.business.initiator,model_sc_income_contract_ledger,smart_construction_core.group_sc_cap_business_initiator,1,0,0,0
access_sc_income_contract_ledger_user,sc.income.contract.ledger.user,model_sc_income_contract_ledger,smart_construction_core.group_sc_cap_contract_user,1,0,0,0
access_sc_income_contract_ledger_manager,sc.income.contract.ledger.manager,model_sc_income_contract_ledger,smart_construction_core.group_sc_cap_contract_manager,1,0,0,0
access_sc_income_contract_ledger_read,sc.income.contract.ledger.read,model_sc_income_contract_ledger,smart_construction_core.group_sc_cap_contract_read,1,0,0,0
access_sc_expense_contract_ledger_business_initiator,sc.expense.contract.ledger.business.initiator,model_sc_expense_contract_ledger,smart_construction_core.group_sc_cap_business_initiator,1,0,0,0
access_sc_expense_contract_ledger_user,sc.expense.contract.ledger.user,model_sc_expense_contract_ledger,smart_construction_core.group_sc_cap_contract_user,1,0,0,0
access_sc_expense_contract_ledger_manager,sc.expense.contract.ledger.manager,model_sc_expense_contract_ledger,smart_construction_core.group_sc_cap_contract_manager,1,0,0,0
access_sc_expense_contract_ledger_read,sc.expense.contract.ledger.read,model_sc_expense_contract_ledger,smart_construction_core.group_sc_cap_contract_read,1,0,0,0
access_construction_contract_expense_business_initiator,construction.contract.expense.business.initiator,model_construction_contract_expense,smart_construction_core.group_sc_cap_business_initiator,1,1,1,0
access_construction_contract_expense_user,construction.contract.expense.user,model_construction_contract_expense,smart_construction_core.group_sc_cap_contract_user,1,1,1,0
access_construction_contract_expense_manager,construction.contract.expense.manager,model_construction_contract_expense,smart_construction_core.group_sc_cap_contract_manager,1,1,1,1
access_construction_contract_expense_read,construction.contract.expense.read,model_construction_contract_expense,smart_construction_core.group_sc_cap_contract_read,1,0,0,0
access_construction_contract_income_business_config_admin,construction.contract.income.business.config.admin,model_construction_contract_income,smart_construction_core.group_sc_cap_business_config_admin,1,1,1,1
access_construction_contract_expense_business_config_admin,construction.contract.expense.business.config.admin,model_construction_contract_expense,smart_construction_core.group_sc_cap_business_config_admin,1,1,1,1
access_sc_contract_recon_summary_read,sc.contract.recon.summary.read,model_sc_contract_recon_summary,smart_construction_core.group_sc_cap_contract_read,1,0,0,0
access_sc_contract_recon_summary_user,sc.contract.recon.summary.user,model_sc_contract_recon_summary,smart_construction_core.group_sc_cap_contract_user,1,0,0,0
access_sc_contract_recon_summary_manager,sc.contract.recon.summary.manager,model_sc_contract_recon_summary,smart_construction_core.group_sc_cap_contract_manager,1,0,0,0
access_sc_contract_recon_summary_finance_read,sc.contract.recon.summary.finance.read,model_sc_contract_recon_summary,smart_construction_core.group_sc_cap_finance_read,1,0,0,0
access_project_project_sc_read,project.project sc read,model_project_project,smart_construction_core.group_sc_cap_project_read,1,0,0,0
access_project_project_sc_user,project.project sc user,model_project_project,smart_construction_core.group_sc_cap_project_user,1,1,1,0
access_project_project_sc_manager,project.project sc manager,model_project_project,smart_construction_core.group_sc_cap_project_manager,1,1,1,1
access_project_project_business_config_admin,project.project business.config.admin,model_project_project,smart_construction_core.group_sc_cap_business_config_admin,1,1,1,1
access_project_quick_create_wizard_project_manager,project.quick.create.wizard.project.manager,model_project_quick_create_wizard,smart_construction_core.group_sc_cap_project_manager,1,1,1,0
access_project_quick_create_wizard_super_admin,project.quick.create.wizard.super.admin,model_project_quick_create_wizard,smart_construction_core.group_sc_super_admin,1,1,1,0
access_project_risk_sc_read,project.risk sc read,model_project_risk,smart_construction_core.group_sc_cap_project_read,1,0,0,0
access_project_risk_sc_user,project.risk sc user,model_project_risk,smart_construction_core.group_sc_cap_project_user,1,0,0,0
access_project_risk_sc_manager,project.risk sc manager,model_project_risk,smart_construction_core.group_sc_cap_project_manager,1,0,0,0
access_project_task_sc_read,project.task sc read,model_project_task,smart_construction_core.group_sc_cap_project_read,1,0,0,0
access_project_task_sc_user,project.task sc user,model_project_task,smart_construction_core.group_sc_cap_project_user,1,1,1,0
access_project_task_sc_manager,project.task sc manager,model_project_task,smart_construction_core.group_sc_cap_project_manager,1,1,1,1
access_project_stage_user,project.project.stage.user,model_project_project_stage,smart_construction_core.group_sc_cap_project_read,1,0,0,0
access_project_stage_project_user,project.project.stage.project.user,model_project_project_stage,smart_construction_core.group_sc_cap_project_user,1,0,0,0
access_project_stage_manager,project.project.stage.manager,model_project_project_stage,smart_construction_core.group_sc_cap_project_manager,1,1,1,1
access_ir_actions_act_window_sc_internal_read,ir.actions.act.window.sc.internal.read,base.model_ir_actions_act_window,smart_construction_core.group_sc_internal_user,1,0,0,0
access_ir_actions_act_window_base_user_read,ir.actions.act.window.base.user.read,base.model_ir_actions_act_window,base.group_user,1,0,0,0
access_ir_actions_act_window_view_sc_internal_read,ir.actions.act.window.view.sc.internal.read,base.model_ir_actions_act_window_view,smart_construction_core.group_sc_internal_user,1,0,0,0
access_sc_capability_read,sc.capability.read,model_sc_capability,smart_construction_core.group_sc_internal_user,1,0,0,0
access_sc_capability_admin,sc.capability.admin,model_sc_capability,smart_core.group_smart_core_admin,1,1,1,1
access_sc_capability_group_read,sc.capability.group.read,model_sc_capability_group,smart_construction_core.group_sc_internal_user,1,0,0,0
access_sc_capability_group_admin,sc.capability.group.admin,model_sc_capability_group,smart_core.group_smart_core_admin,1,1,1,1
access_sc_scene_read,sc.scene.read,model_sc_scene,smart_construction_core.group_sc_internal_user,1,0,0,0
access_sc_scene_admin,sc.scene.admin,model_sc_scene,smart_core.group_smart_core_admin,1,1,1,1
access_sc_scene_tile_read,sc.scene.tile.read,model_sc_scene_tile,smart_construction_core.group_sc_internal_user,1,0,0,0
access_sc_scene_tile_admin,sc.scene.tile.admin,model_sc_scene_tile,smart_core.group_smart_core_admin,1,1,1,1
access_sc_scene_version_read,sc.scene.version.read,model_sc_scene_version,smart_construction_core.group_sc_internal_user,1,0,0,0
access_sc_scene_version_admin,sc.scene.version.admin,model_sc_scene_version,smart_core.group_smart_core_admin,1,1,1,1
access_sc_user_pref_user,sc.user.preference.user,model_sc_user_preference,smart_construction_core.group_sc_internal_user,1,1,1,0
access_sc_user_pref_admin,sc.user.preference.admin,model_sc_user_preference,smart_construction_core.group_sc_cap_config_admin,1,1,1,1
access_sc_scene_validation_read,sc.scene.validation.read,model_sc_scene_validation,smart_construction_core.group_sc_internal_user,1,0,0,0
access_sc_scene_validation_admin,sc.scene.validation.admin,model_sc_scene_validation,smart_core.group_smart_core_admin,1,1,1,1
access_sc_scene_audit_read,sc.scene.audit.read,model_sc_scene_audit_log,smart_construction_core.group_sc_internal_user,1,0,0,0
access_sc_scene_audit_admin,sc.scene.audit.admin,model_sc_scene_audit_log,smart_core.group_smart_core_admin,1,1,1,1
access_sc_capability_audit_read,sc.capability.audit.read,model_sc_capability_audit_log,smart_construction_core.group_sc_internal_user,1,0,0,0
access_sc_capability_audit_admin,sc.capability.audit.admin,model_sc_capability_audit_log,smart_core.group_smart_core_admin,1,1,1,1
access_sc_pack_registry_read,sc.pack.registry.read,model_sc_pack_registry,smart_construction_core.group_sc_internal_user,1,0,0,0
access_sc_pack_registry_admin,sc.pack.registry.admin,model_sc_pack_registry,smart_core.group_smart_core_admin,1,1,1,1
access_sc_pack_installation_read,sc.pack.installation.read,model_sc_pack_installation,smart_construction_core.group_sc_internal_user,1,0,0,0
access_sc_pack_installation_admin,sc.pack.installation.admin,model_sc_pack_installation,smart_core.group_smart_core_admin,1,1,1,1
access_sc_project_budget_manager,project.budget.manager,model_project_budget,smart_construction_core.group_sc_cap_cost_manager,1,1,1,1
access_sc_project_budget_user,project.budget.user,model_project_budget,smart_construction_core.group_sc_cap_cost_read,1,0,0,0
access_sc_project_budget_config_admin,project.budget.config.admin,model_project_budget,smart_construction_core.group_sc_cap_config_admin,1,0,0,0
access_sc_project_budget_boq_manager,project.budget.boq.line.manager,model_project_budget_boq_line,smart_construction_core.group_sc_cap_cost_manager,1,1,1,1
access_sc_project_budget_boq_user,project.budget.boq.line.user,model_project_budget_boq_line,smart_construction_core.group_sc_cap_cost_read,1,0,0,0
access_sc_project_budget_boq_config_admin,project.budget.boq.line.config.admin,model_project_budget_boq_line,smart_construction_core.group_sc_cap_config_admin,1,0,0,0
access_sc_project_cost_code_business_config,project.cost.code.business.config,model_project_cost_code,smart_construction_core.group_sc_cap_business_config_admin,1,1,1,1
access_sc_project_cost_code_manager,project.cost.code.manager,model_project_cost_code,smart_construction_core.group_sc_cap_config_admin,1,1,1,1
access_sc_project_cost_code_user,project.cost.code.user,model_project_cost_code,smart_construction_core.group_sc_cap_cost_read,1,0,0,0
access_sc_project_cost_period_manager,project.cost.period.manager,model_project_cost_period,smart_construction_core.group_sc_cap_cost_manager,1,1,1,1
access_sc_project_cost_period_user,project.cost.period.user,model_project_cost_period,smart_construction_core.group_sc_cap_cost_user,1,1,1,0
access_sc_project_cost_period_read,project.cost.period.read,model_project_cost_period,smart_construction_core.group_sc_cap_cost_read,1,0,0,0
access_sc_project_cost_ledger_manager,project.cost.ledger.manager,model_project_cost_ledger,smart_construction_core.group_sc_cap_cost_manager,1,1,1,1
access_sc_project_cost_ledger_user,project.cost.ledger.user,model_project_cost_ledger,smart_construction_core.group_sc_cap_cost_read,1,0,0,0
access_sc_project_cost_ledger_operator,project.cost.ledger.operator,model_project_cost_ledger,smart_construction_core.group_sc_cap_cost_user,1,1,1,0
access_sc_project_budget_cost_alloc_manager,project.budget.cost.alloc.manager,model_project_budget_cost_alloc,smart_construction_core.group_sc_cap_cost_manager,1,1,1,1
access_sc_project_budget_cost_alloc_user,project.budget.cost.alloc.user,model_project_budget_cost_alloc,smart_construction_core.group_sc_cap_cost_read,1,0,0,0
access_sc_project_progress_manager,project.progress.entry.manager,model_project_progress_entry,smart_construction_core.group_sc_cap_cost_manager,1,1,1,1
access_sc_project_progress_user,project.progress.entry.user,model_project_progress_entry,smart_construction_core.group_sc_cap_cost_user,1,1,1,0
access_sc_project_cost_compare_manager,project.cost.compare.manager,model_project_cost_compare,smart_construction_core.group_sc_cap_cost_read,1,0,0,0
access_sc_project_cost_compare_user,project.cost.compare.user,model_project_cost_compare,smart_construction_core.group_sc_cap_cost_read,1,0,0,0
access_sc_project_profit_compare_manager,project.profit.compare.manager,model_project_profit_compare,smart_construction_core.group_sc_cap_cost_read,1,0,0,0
access_sc_project_profit_compare_user,project.profit.compare.user,model_project_profit_compare,smart_construction_core.group_sc_cap_cost_read,1,0,0,0
access_sc_project_responsibility_manager,project.responsibility.manager,model_project_responsibility,smart_construction_core.group_sc_cap_project_manager,1,1,1,1
access_sc_project_responsibility_user,project.responsibility.user,model_project_responsibility,smart_construction_core.group_sc_cap_project_read,1,0,0,0
access_sc_project_boq_line_manager,project.boq.line.manager,model_project_boq_line,smart_construction_core.group_sc_cap_cost_manager,1,1,1,1
access_sc_project_boq_line_user,project.boq.line.user,model_project_boq_line,smart_construction_core.group_sc_cap_cost_user,1,1,1,0
access_sc_project_boq_line_read,project.boq.line.read,model_project_boq_line,smart_construction_core.group_sc_cap_project_read,1,0,0,0
access_sc_project_structure_read,sc.project.structure.read,smart_construction_core.model_sc_project_structure,smart_construction_core.group_sc_cap_project_read,1,0,0,0
access_sc_project_structure_user,sc.project.structure.user,smart_construction_core.model_sc_project_structure,smart_construction_core.group_sc_cap_project_user,1,1,1,0
access_sc_project_structure_manager,sc.project.structure.manager,smart_construction_core.model_sc_project_structure,smart_construction_core.group_sc_cap_project_manager,1,1,1,1
access_sc_project_boq_import_wizard_manager,project.boq.import.wizard.manager,model_project_boq_import_wizard,smart_construction_core.group_sc_cap_cost_manager,1,1,1,1
access_sc_project_boq_import_wizard_user,project.boq.import.wizard.user,model_project_boq_import_wizard,smart_construction_core.group_sc_cap_cost_user,1,1,1,1
access_sc_project_task_from_boq_wizard_manager,project.task.from.boq.wizard.manager,model_project_task_from_boq_wizard,smart_construction_core.group_sc_cap_cost_manager,1,1,1,1
access_sc_project_task_from_boq_wizard_user,project.task.from.boq.wizard.user,model_project_task_from_boq_wizard,smart_construction_core.group_sc_cap_cost_user,1,1,1,1
access_sc_work_breakdown_manager,construction.work.breakdown.manager,model_construction_work_breakdown,smart_construction_core.group_sc_cap_project_manager,1,1,1,1
access_sc_work_breakdown_user,construction.work.breakdown.user,model_construction_work_breakdown,smart_construction_core.group_sc_cap_project_user,1,0,0,0
access_sc_work_breakdown_read,construction.work.breakdown.read,model_construction_work_breakdown,smart_construction_core.group_sc_cap_project_read,1,0,0,0
access_tender_bid_manager,tender.bid.manager,model_tender_bid,smart_construction_core.group_sc_cap_project_manager,1,1,1,1
access_tender_bid_user,tender.bid.user,model_tender_bid,smart_construction_core.group_sc_cap_project_user,1,1,1,0
access_tender_bid_config_admin,tender.bid.config.admin,model_tender_bid,smart_construction_core.group_sc_cap_config_admin,1,1,1,1
access_tender_bid_line_manager,tender.bid.line.manager,model_tender_bid_line,smart_construction_core.group_sc_cap_project_manager,1,1,1,1
access_tender_bid_line_user,tender.bid.line.user,model_tender_bid_line,smart_construction_core.group_sc_cap_project_user,1,1,1,0
access_tender_bid_line_config_admin,tender.bid.line.config.admin,model_tender_bid_line,smart_construction_core.group_sc_cap_config_admin,1,1,1,1
access_tender_doc_purchase_manager,tender.doc.purchase.manager,model_tender_doc_purchase,smart_construction_core.group_sc_cap_project_manager,1,1,1,1
access_tender_doc_purchase_user,tender.doc.purchase.user,model_tender_doc_purchase,smart_construction_core.group_sc_cap_project_user,1,1,1,0
access_tender_doc_purchase_config_admin,tender.doc.purchase.config.admin,model_tender_doc_purchase,smart_construction_core.group_sc_cap_config_admin,1,1,1,1
access_tender_survey_manager,tender.survey.manager,model_tender_survey,smart_construction_core.group_sc_cap_project_manager,1,1,1,1
access_tender_survey_user,tender.survey.user,model_tender_survey,smart_construction_core.group_sc_cap_project_user,1,1,1,0
access_tender_survey_config_admin,tender.survey.config.admin,model_tender_survey,smart_construction_core.group_sc_cap_config_admin,1,1,1,1
access_tender_doc_review_manager,tender.doc.review.manager,model_tender_doc_review,smart_construction_core.group_sc_cap_project_manager,1,1,1,1
access_tender_doc_review_user,tender.doc.review.user,model_tender_doc_review,smart_construction_core.group_sc_cap_project_user,1,1,1,0
access_tender_doc_review_config_admin,tender.doc.review.config.admin,model_tender_doc_review,smart_construction_core.group_sc_cap_config_admin,1,1,1,1
access_tender_opening_manager,tender.opening.manager,model_tender_opening,smart_construction_core.group_sc_cap_project_manager,1,1,1,1
access_tender_opening_user,tender.opening.user,model_tender_opening,smart_construction_core.group_sc_cap_project_user,1,1,1,0
access_tender_opening_config_admin,tender.opening.config.admin,model_tender_opening,smart_construction_core.group_sc_cap_config_admin,1,1,1,1
access_tender_opening_competitor_manager,tender.opening.competitor.manager,model_tender_opening_competitor,smart_construction_core.group_sc_cap_project_manager,1,1,1,1
access_tender_opening_competitor_user,tender.opening.competitor.user,model_tender_opening_competitor,smart_construction_core.group_sc_cap_project_user,1,1,1,0
access_tender_opening_competitor_config_admin,tender.opening.competitor.config.admin,model_tender_opening_competitor,smart_construction_core.group_sc_cap_config_admin,1,1,1,1
access_tender_guarantee_manager,tender.guarantee.manager,model_tender_guarantee,smart_construction_core.group_sc_cap_project_manager,1,1,1,1
access_tender_guarantee_user,tender.guarantee.user,model_tender_guarantee,smart_construction_core.group_sc_cap_project_user,1,1,1,0
access_tender_guarantee_config_admin,tender.guarantee.config.admin,model_tender_guarantee,smart_construction_core.group_sc_cap_config_admin,1,1,1,1
access_project_budget_user,access_project_budget_user,model_project_budget,smart_construction_core.group_sc_cap_cost_manager,1,1,1,1
access_project_budget_line_user,access_project_budget_line_user,model_project_budget_line,smart_construction_core.group_sc_cap_cost_manager,1,1,1,1
access_project_budget_line_config_admin,project.budget.line.config.admin,model_project_budget_line,smart_construction_core.group_sc_cap_config_admin,1,0,0,0
access_project_wbs_user,access_project_wbs_user,model_project_wbs,smart_construction_core.group_sc_cap_project_user,1,0,0,0
access_project_dictionary_business_config,project.dictionary.business.config,model_project_dictionary,smart_construction_core.group_sc_cap_business_config_admin,1,1,1,1
access_project_dictionary_user,project.dictionary.user,model_project_dictionary,smart_construction_core.group_sc_cap_data_read,1,0,0,0
access_project_dictionary_manager,project.dictionary.manager,model_project_dictionary,smart_construction_core.group_sc_cap_config_admin,1,1,1,1
access_hr_department_business_config,hr.department.business.config,hr.model_hr_department,smart_construction_core.group_sc_cap_business_config_admin,1,1,1,1
access_hr_department_data_read,hr.department.data.read,hr.model_hr_department,smart_construction_core.group_sc_cap_data_read,1,0,0,0
access_sc_project_stage_requirement_wizard,sc.project.stage.requirement.wizard,model_sc_project_stage_requirement_wizard,smart_construction_core.group_sc_cap_project_read,1,0,0,0
access_quota_import_wizard_business_config,quota.import.wizard.business.config,model_quota_import_wizard,smart_construction_core.group_sc_cap_business_config_admin,1,1,1,1
access_quota_import_wizard_manager,quota.import.wizard.manager,model_quota_import_wizard,smart_construction_core.group_sc_cap_config_admin,1,1,1,1
access_project_settlement_manager,project.settlement.manager,model_project_settlement,smart_construction_core.group_sc_cap_finance_manager,1,1,1,1
access_project_settlement_user,project.settlement.user,model_project_settlement,smart_construction_core.group_sc_cap_finance_user,1,1,1,0
access_project_settlement_line_manager,project.settlement.line.manager,model_project_settlement_line,smart_construction_core.group_sc_cap_finance_manager,1,1,1,1
access_project_settlement_line_user,project.settlement.line.user,model_project_settlement_line,smart_construction_core.group_sc_cap_finance_user,1,0,0,0
access_sc_settlement_order_read,sc.settlement.order.read,model_sc_settlement_order,smart_construction_core.group_sc_cap_settlement_read,1,0,0,0
access_sc_settlement_order_business_initiator,sc.settlement.order.business.initiator,model_sc_settlement_order,smart_construction_core.group_sc_cap_business_initiator,1,1,1,0
access_sc_settlement_order_user,sc.settlement.order.user,model_sc_settlement_order,smart_construction_core.group_sc_cap_settlement_user,1,1,1,0
access_sc_settlement_order_manager,sc.settlement.order.manager,model_sc_settlement_order,smart_construction_core.group_sc_cap_settlement_manager,1,1,1,1
access_sc_settlement_order_line_read,sc.settlement.order.line.read,model_sc_settlement_order_line,smart_construction_core.group_sc_cap_settlement_read,1,0,0,0
access_sc_settlement_order_line_business_initiator,sc.settlement.order.line.business.initiator,model_sc_settlement_order_line,smart_construction_core.group_sc_cap_business_initiator,1,1,1,0
access_sc_settlement_order_line_user,sc.settlement.order.line.user,model_sc_settlement_order_line,smart_construction_core.group_sc_cap_settlement_user,1,1,1,0
access_sc_settlement_order_line_manager,sc.settlement.order.line.manager,model_sc_settlement_order_line,smart_construction_core.group_sc_cap_settlement_manager,1,1,1,1
access_sc_settlement_order_project_read,sc.settlement.order.project.read,model_sc_settlement_order,smart_construction_core.group_sc_cap_project_read,1,0,0,0
access_sc_settlement_order_cost_read,sc.settlement.order.cost.read,model_sc_settlement_order,smart_construction_core.group_sc_cap_cost_read,1,0,0,0
access_sc_settlement_order_finance_read,sc.settlement.order.finance.read,model_sc_settlement_order,smart_construction_core.group_sc_cap_finance_read,1,0,0,0
access_sc_settlement_adjustment_read,sc.settlement.adjustment.read,model_sc_settlement_adjustment,smart_construction_core.group_sc_cap_settlement_read,1,0,0,0
access_sc_settlement_adjustment_business_initiator,sc.settlement.adjustment.business.initiator,model_sc_settlement_adjustment,smart_construction_core.group_sc_cap_business_initiator,1,1,1,0
access_sc_settlement_adjustment_user,sc.settlement.adjustment.user,model_sc_settlement_adjustment,smart_construction_core.group_sc_cap_settlement_user,1,1,1,0
access_sc_settlement_adjustment_manager,sc.settlement.adjustment.manager,model_sc_settlement_adjustment,smart_construction_core.group_sc_cap_settlement_manager,1,1,1,1
access_sc_settlement_adjustment_project_read,sc.settlement.adjustment.project.read,model_sc_settlement_adjustment,smart_construction_core.group_sc_cap_project_read,1,0,0,0
access_sc_settlement_adjustment_cost_read,sc.settlement.adjustment.cost.read,model_sc_settlement_adjustment,smart_construction_core.group_sc_cap_cost_read,1,0,0,0
access_sc_settlement_adjustment_finance_read,sc.settlement.adjustment.finance.read,model_sc_settlement_adjustment,smart_construction_core.group_sc_cap_finance_read,1,0,0,0
access_payment_request_business_initiator,payment.request.business.initiator,model_payment_request,smart_construction_core.group_sc_cap_business_initiator,1,1,1,0
access_payment_request_manager,payment.request.manager,model_payment_request,smart_construction_core.group_sc_cap_finance_manager,1,1,1,1
access_payment_request_executive,payment.request.executive,model_payment_request,smart_construction_core.group_sc_role_executive,1,1,0,0
access_payment_request_config_admin,payment.request.config.admin,model_payment_request,smart_construction_core.group_sc_cap_config_admin,1,1,1,1
access_payment_request_business_config_admin,payment.request.business.config.admin,model_payment_request,smart_construction_core.group_sc_cap_business_config_admin,1,1,1,1
access_sc_expense_claim_manager,sc.expense.claim.manager,model_sc_expense_claim,smart_construction_core.group_sc_cap_finance_manager,1,1,1,1
access_sc_expense_claim_business_initiator,sc.expense.claim.business.initiator,model_sc_expense_claim,smart_construction_core.group_sc_cap_business_initiator,1,1,1,0
access_sc_expense_claim_user,sc.expense.claim.user,model_sc_expense_claim,smart_construction_core.group_sc_cap_finance_user,1,1,1,0
access_sc_expense_claim_read,sc.expense.claim.read,model_sc_expense_claim,smart_construction_core.group_sc_cap_finance_read,1,0,0,0
access_sc_treasury_reconciliation_manager,sc.treasury.reconciliation.manager,model_sc_treasury_reconciliation,smart_construction_core.group_sc_cap_finance_manager,1,1,1,1
access_sc_treasury_reconciliation_business_initiator,sc.treasury.reconciliation.business.initiator,model_sc_treasury_reconciliation,smart_construction_core.group_sc_cap_business_initiator,1,1,1,0
access_sc_treasury_reconciliation_user,sc.treasury.reconciliation.user,model_sc_treasury_reconciliation,smart_construction_core.group_sc_cap_finance_user,1,1,1,0
access_sc_treasury_reconciliation_read,sc.treasury.reconciliation.read,model_sc_treasury_reconciliation,smart_construction_core.group_sc_cap_finance_read,1,0,0,0
access_sc_receipt_income_manager,sc.receipt.income.manager,model_sc_receipt_income,smart_construction_core.group_sc_cap_finance_manager,1,1,1,1
access_sc_receipt_income_business_initiator,sc.receipt.income.business.initiator,model_sc_receipt_income,smart_construction_core.group_sc_cap_business_initiator,1,1,1,0
access_sc_receipt_income_user,sc.receipt.income.user,model_sc_receipt_income,smart_construction_core.group_sc_cap_finance_user,1,1,1,0
access_sc_receipt_income_read,sc.receipt.income.read,model_sc_receipt_income,smart_construction_core.group_sc_cap_finance_read,1,0,0,0
access_sc_payment_execution_manager,sc.payment.execution.manager,model_sc_payment_execution,smart_construction_core.group_sc_cap_finance_manager,1,1,1,1
access_sc_payment_execution_business_initiator,sc.payment.execution.business.initiator,model_sc_payment_execution,smart_construction_core.group_sc_cap_business_initiator,1,1,1,0
access_sc_payment_execution_user,sc.payment.execution.user,model_sc_payment_execution,smart_construction_core.group_sc_cap_finance_user,1,1,1,0
access_sc_payment_execution_read,sc.payment.execution.read,model_sc_payment_execution,smart_construction_core.group_sc_cap_finance_read,1,0,0,0
access_sc_p1_relationship_suggestion_business_config,sc.p1.relationship.suggestion.business.config,model_sc_p1_relationship_suggestion,smart_construction_core.group_sc_cap_business_config_admin,1,0,0,0
access_sc_p1_relationship_suggestion_config_admin,sc.p1.relationship.suggestion.config.admin,model_sc_p1_relationship_suggestion,smart_construction_core.group_sc_cap_config_admin,1,0,0,0
access_sc_p1_relationship_review_queue_business_config,sc.p1.relationship.review.queue.business.config,model_sc_p1_relationship_review_queue,smart_construction_core.group_sc_cap_business_config_admin,1,0,0,0
access_sc_p1_relationship_review_queue_config_admin,sc.p1.relationship.review.queue.config.admin,model_sc_p1_relationship_review_queue,smart_construction_core.group_sc_cap_config_admin,1,0,0,0
access_sc_invoice_registration_manager,sc.invoice.registration.manager,model_sc_invoice_registration,smart_construction_core.group_sc_cap_finance_manager,1,1,1,1
access_sc_invoice_registration_business_initiator,sc.invoice.registration.business.initiator,model_sc_invoice_registration,smart_construction_core.group_sc_cap_business_initiator,1,1,1,0
access_sc_invoice_registration_user,sc.invoice.registration.user,model_sc_invoice_registration,smart_construction_core.group_sc_cap_finance_user,1,1,1,0
access_sc_invoice_registration_read,sc.invoice.registration.read,model_sc_invoice_registration,smart_construction_core.group_sc_cap_finance_read,1,0,0,0
access_sc_financing_loan_manager,sc.financing.loan.manager,model_sc_financing_loan,smart_construction_core.group_sc_cap_finance_manager,1,1,1,1
access_sc_financing_loan_business_initiator,sc.financing.loan.business.initiator,model_sc_financing_loan,smart_construction_core.group_sc_cap_business_initiator,1,1,1,0
access_sc_financing_loan_user,sc.financing.loan.user,model_sc_financing_loan,smart_construction_core.group_sc_cap_finance_user,1,1,1,0
access_sc_financing_loan_read,sc.financing.loan.read,model_sc_financing_loan,smart_construction_core.group_sc_cap_finance_read,1,0,0,0
access_sc_self_funding_registration_manager,sc.self.funding.registration.manager,model_sc_self_funding_registration,smart_construction_core.group_sc_cap_finance_manager,1,1,1,1
access_sc_self_funding_registration_business_initiator,sc.self.funding.registration.business.initiator,model_sc_self_funding_registration,smart_construction_core.group_sc_cap_business_initiator,1,1,1,0
access_sc_self_funding_registration_user,sc.self.funding.registration.user,model_sc_self_funding_registration,smart_construction_core.group_sc_cap_finance_user,1,1,1,0
access_sc_self_funding_registration_read,sc.self.funding.registration.read,model_sc_self_funding_registration,smart_construction_core.group_sc_cap_finance_read,1,0,0,0
access_sc_general_contract_manager,sc.general.contract.manager,model_sc_general_contract,smart_construction_core.group_sc_cap_contract_manager,1,1,1,1
access_sc_general_contract_business_initiator,sc.general.contract.business.initiator,model_sc_general_contract,smart_construction_core.group_sc_cap_business_initiator,1,1,1,0
access_sc_general_contract_user,sc.general.contract.user,model_sc_general_contract,smart_construction_core.group_sc_cap_contract_user,1,1,1,0
access_sc_general_contract_read,sc.general.contract.read,model_sc_general_contract,smart_construction_core.group_sc_cap_contract_read,1,0,0,0
access_payment_request_user,payment.request.user,model_payment_request,smart_construction_core.group_sc_cap_finance_user,1,1,1,0
access_payment_request_read,payment.request.read,model_payment_request,smart_construction_core.group_sc_cap_finance_read,1,0,0,0
access_payment_request_line_business_initiator,payment.request.line.business.initiator,model_payment_request_line,smart_construction_core.group_sc_cap_business_initiator,1,1,1,0
access_payment_request_line_manager,payment.request.line.manager,model_payment_request_line,smart_construction_core.group_sc_cap_finance_manager,1,1,1,1
access_payment_request_line_executive,payment.request.line.executive,model_payment_request_line,smart_construction_core.group_sc_role_executive,1,0,0,0
access_payment_request_line_user,payment.request.line.user,model_payment_request_line,smart_construction_core.group_sc_cap_finance_user,1,1,1,0
access_payment_request_line_read,payment.request.line.read,model_payment_request_line,smart_construction_core.group_sc_cap_finance_read,1,0,0,0
access_payment_request_line_config_admin,payment.request.line.config.admin,model_payment_request_line,smart_construction_core.group_sc_cap_config_admin,1,1,1,1
access_payment_request_line_business_config_admin,payment.request.line.business.config.admin,model_payment_request_line,smart_construction_core.group_sc_cap_business_config_admin,1,1,1,1
access_receipt_invoice_line_manager,sc.receipt.invoice.line.manager,model_sc_receipt_invoice_line,smart_construction_core.group_sc_cap_finance_manager,1,1,1,1
access_receipt_invoice_line_user,sc.receipt.invoice.line.user,model_sc_receipt_invoice_line,smart_construction_core.group_sc_cap_finance_user,1,1,1,0
access_receipt_invoice_line_read,sc.receipt.invoice.line.read,model_sc_receipt_invoice_line,smart_construction_core.group_sc_cap_finance_read,1,0,0,0
access_receipt_invoice_line_config_admin,sc.receipt.invoice.line.config.admin,model_sc_receipt_invoice_line,smart_construction_core.group_sc_cap_config_admin,1,1,1,1
access_sc_output_invoice_adjustment_manager,sc.output.invoice.adjustment.manager,model_sc_output_invoice_adjustment,smart_construction_core.group_sc_cap_finance_manager,1,1,1,1
access_sc_output_invoice_adjustment_user,sc.output.invoice.adjustment.user,model_sc_output_invoice_adjustment,smart_construction_core.group_sc_cap_finance_user,1,1,1,0
access_sc_output_invoice_adjustment_read,sc.output.invoice.adjustment.read,model_sc_output_invoice_adjustment,smart_construction_core.group_sc_cap_finance_read,1,0,0,0
access_output_invoice_ledger_manager,sc.output.invoice.ledger.manager,model_sc_output_invoice_ledger,smart_construction_core.group_sc_cap_finance_manager,1,0,0,0
access_output_invoice_ledger_user,sc.output.invoice.ledger.user,model_sc_output_invoice_ledger,smart_construction_core.group_sc_cap_finance_user,1,0,0,0
access_output_invoice_ledger_read,sc.output.invoice.ledger.read,model_sc_output_invoice_ledger,smart_construction_core.group_sc_cap_finance_read,1,0,0,0
access_payment_ledger_manager,payment.ledger.manager,model_payment_ledger,smart_construction_core.group_sc_cap_finance_manager,1,1,1,1
access_payment_ledger_user,payment.ledger.user,model_payment_ledger,smart_construction_core.group_sc_cap_finance_user,1,1,1,0
access_payment_ledger_read,payment.ledger.read,model_payment_ledger,smart_construction_core.group_sc_cap_finance_read,1,0,0,0
access_project_funding_baseline_manager,project.funding.baseline.manager,model_project_funding_baseline,smart_construction_core.group_sc_cap_finance_manager,1,1,1,1
access_project_funding_baseline_user,project.funding.baseline.user,model_project_funding_baseline,smart_construction_core.group_sc_cap_finance_user,1,1,1,0
access_project_funding_baseline_read,project.funding.baseline.read,model_project_funding_baseline,smart_construction_core.group_sc_cap_finance_read,1,0,0,0
access_project_material_plan_business_initiator,project.material.plan.business.initiator,model_project_material_plan,smart_construction_core.group_sc_cap_business_initiator,1,1,1,0
access_project_material_plan_user,project.material.plan.user,model_project_material_plan,smart_construction_core.group_sc_cap_material_user,1,1,1,1
access_project_material_plan_line_business_initiator,project.material.plan.line.business.initiator,model_project_material_plan_line,smart_construction_core.group_sc_cap_business_initiator,1,1,1,0
access_project_material_plan_line_user,project.material.plan.line.user,model_project_material_plan_line,smart_construction_core.group_sc_cap_material_user,1,1,1,1
access_project_material_plan_read,project.material.plan.read,model_project_material_plan,smart_construction_core.group_sc_cap_material_read,1,0,0,0
access_project_material_plan_line_read,project.material.plan.line.read,model_project_material_plan_line,smart_construction_core.group_sc_cap_material_read,1,0,0,0
access_sc_material_catalog_read,sc.material.catalog.read,model_sc_material_catalog,smart_construction_core.group_sc_cap_material_read,1,0,0,0
access_sc_material_catalog_user,sc.material.catalog.user,model_sc_material_catalog,smart_construction_core.group_sc_cap_material_user,1,1,1,0
access_sc_material_catalog_manager,sc.material.catalog.manager,model_sc_material_catalog,smart_construction_core.group_sc_cap_material_manager,1,1,1,1
access_sc_material_price_read,sc.material.price.read,model_sc_material_price,smart_construction_core.group_sc_cap_material_read,1,0,0,0
access_sc_material_price_user,sc.material.price.user,model_sc_material_price,smart_construction_core.group_sc_cap_material_user,1,1,1,0
access_sc_material_price_manager,sc.material.price.manager,model_sc_material_price,smart_construction_core.group_sc_cap_material_manager,1,1,1,1
access_sc_material_price_business_config_admin,sc.material.price.business.config.admin,model_sc_material_price,smart_construction_core.group_sc_cap_business_config_admin,1,1,1,1
access_sc_material_purchase_request_read,sc.material.purchase.request.read,model_sc_material_purchase_request,smart_construction_core.group_sc_cap_material_read,1,0,0,0
access_sc_material_purchase_request_user,sc.material.purchase.request.user,model_sc_material_purchase_request,smart_construction_core.group_sc_cap_material_user,1,1,1,0
access_sc_material_purchase_request_manager,sc.material.purchase.request.manager,model_sc_material_purchase_request,smart_construction_core.group_sc_cap_material_manager,1,1,1,1
access_sc_material_purchase_request_purchase_read,sc.material.purchase.request.purchase.read,model_sc_material_purchase_request,smart_construction_core.group_sc_cap_purchase_read,1,0,0,0
access_sc_material_purchase_request_purchase_user,sc.material.purchase.request.purchase.user,model_sc_material_purchase_request,smart_construction_core.group_sc_cap_purchase_user,1,0,0,0
access_sc_material_purchase_request_purchase_manager,sc.material.purchase.request.purchase.manager,model_sc_material_purchase_request,smart_construction_core.group_sc_cap_purchase_manager,1,1,0,0
access_sc_material_purchase_request_line_read,sc.material.purchase.request.line.read,model_sc_material_purchase_request_line,smart_construction_core.group_sc_cap_material_read,1,0,0,0
access_sc_material_purchase_request_line_user,sc.material.purchase.request.line.user,model_sc_material_purchase_request_line,smart_construction_core.group_sc_cap_material_user,1,1,1,0
access_sc_material_purchase_request_line_manager,sc.material.purchase.request.line.manager,model_sc_material_purchase_request_line,smart_construction_core.group_sc_cap_material_manager,1,1,1,1
access_sc_material_purchase_request_line_purchase_read,sc.material.purchase.request.line.purchase.read,model_sc_material_purchase_request_line,smart_construction_core.group_sc_cap_purchase_read,1,0,0,0
access_sc_material_purchase_request_line_purchase_user,sc.material.purchase.request.line.purchase.user,model_sc_material_purchase_request_line,smart_construction_core.group_sc_cap_purchase_user,1,0,0,0
access_sc_material_purchase_request_line_purchase_manager,sc.material.purchase.request.line.purchase.manager,model_sc_material_purchase_request_line,smart_construction_core.group_sc_cap_purchase_manager,1,1,0,0
access_sc_material_acceptance_read,sc.material.acceptance.read,model_sc_material_acceptance,smart_construction_core.group_sc_cap_material_read,1,0,0,0
access_sc_material_acceptance_user,sc.material.acceptance.user,model_sc_material_acceptance,smart_construction_core.group_sc_cap_material_user,1,1,1,0
access_sc_material_acceptance_manager,sc.material.acceptance.manager,model_sc_material_acceptance,smart_construction_core.group_sc_cap_material_manager,1,1,1,1
access_sc_material_acceptance_line_read,sc.material.acceptance.line.read,model_sc_material_acceptance_line,smart_construction_core.group_sc_cap_material_read,1,0,0,0
access_sc_material_acceptance_line_user,sc.material.acceptance.line.user,model_sc_material_acceptance_line,smart_construction_core.group_sc_cap_material_user,1,1,1,0
access_sc_material_acceptance_line_manager,sc.material.acceptance.line.manager,model_sc_material_acceptance_line,smart_construction_core.group_sc_cap_material_manager,1,1,1,1
access_sc_material_inbound_read,sc.material.inbound.read,model_sc_material_inbound,smart_construction_core.group_sc_cap_material_read,1,0,0,0
access_sc_material_inbound_user,sc.material.inbound.user,model_sc_material_inbound,smart_construction_core.group_sc_cap_material_user,1,1,1,0
access_sc_material_inbound_manager,sc.material.inbound.manager,model_sc_material_inbound,smart_construction_core.group_sc_cap_material_manager,1,1,1,1
access_sc_material_inbound_line_read,sc.material.inbound.line.read,model_sc_material_inbound_line,smart_construction_core.group_sc_cap_material_read,1,0,0,0
access_sc_material_inbound_line_user,sc.material.inbound.line.user,model_sc_material_inbound_line,smart_construction_core.group_sc_cap_material_user,1,1,1,0
access_sc_material_inbound_line_manager,sc.material.inbound.line.manager,model_sc_material_inbound_line,smart_construction_core.group_sc_cap_material_manager,1,1,1,1
access_sc_material_outbound_read,sc.material.outbound.read,model_sc_material_outbound,smart_construction_core.group_sc_cap_material_read,1,0,0,0
access_sc_material_outbound_user,sc.material.outbound.user,model_sc_material_outbound,smart_construction_core.group_sc_cap_material_user,1,1,1,0
access_sc_material_outbound_manager,sc.material.outbound.manager,model_sc_material_outbound,smart_construction_core.group_sc_cap_material_manager,1,1,1,1
access_sc_material_outbound_line_read,sc.material.outbound.line.read,model_sc_material_outbound_line,smart_construction_core.group_sc_cap_material_read,1,0,0,0
access_sc_material_outbound_line_user,sc.material.outbound.line.user,model_sc_material_outbound_line,smart_construction_core.group_sc_cap_material_user,1,1,1,0
access_sc_material_outbound_line_manager,sc.material.outbound.line.manager,model_sc_material_outbound_line,smart_construction_core.group_sc_cap_material_manager,1,1,1,1
access_sc_material_rfq_read,sc.material.rfq.read,model_sc_material_rfq,smart_construction_core.group_sc_cap_material_read,1,0,0,0
access_sc_material_rfq_user,sc.material.rfq.user,model_sc_material_rfq,smart_construction_core.group_sc_cap_material_user,1,1,1,0
access_sc_material_rfq_manager,sc.material.rfq.manager,model_sc_material_rfq,smart_construction_core.group_sc_cap_material_manager,1,1,1,1
access_sc_material_rfq_purchase_read,sc.material.rfq.purchase.read,model_sc_material_rfq,smart_construction_core.group_sc_cap_purchase_read,1,0,0,0
access_sc_material_rfq_purchase_user,sc.material.rfq.purchase.user,model_sc_material_rfq,smart_construction_core.group_sc_cap_purchase_user,1,1,1,0
access_sc_material_rfq_purchase_manager,sc.material.rfq.purchase.manager,model_sc_material_rfq,smart_construction_core.group_sc_cap_purchase_manager,1,1,1,1
access_sc_material_rfq_line_read,sc.material.rfq.line.read,model_sc_material_rfq_line,smart_construction_core.group_sc_cap_material_read,1,0,0,0
access_sc_material_rfq_line_user,sc.material.rfq.line.user,model_sc_material_rfq_line,smart_construction_core.group_sc_cap_material_user,1,1,1,0
access_sc_material_rfq_line_manager,sc.material.rfq.line.manager,model_sc_material_rfq_line,smart_construction_core.group_sc_cap_material_manager,1,1,1,1
access_sc_material_rfq_line_purchase_read,sc.material.rfq.line.purchase.read,model_sc_material_rfq_line,smart_construction_core.group_sc_cap_purchase_read,1,0,0,0
access_sc_material_rfq_line_purchase_user,sc.material.rfq.line.purchase.user,model_sc_material_rfq_line,smart_construction_core.group_sc_cap_purchase_user,1,1,1,0
access_sc_material_rfq_line_purchase_manager,sc.material.rfq.line.purchase.manager,model_sc_material_rfq_line,smart_construction_core.group_sc_cap_purchase_manager,1,1,1,1
access_sc_material_settlement_read,sc.material.settlement.read,model_sc_material_settlement,smart_construction_core.group_sc_cap_material_read,1,0,0,0
access_sc_material_settlement_user,sc.material.settlement.user,model_sc_material_settlement,smart_construction_core.group_sc_cap_material_user,1,1,1,0
access_sc_material_settlement_manager,sc.material.settlement.manager,model_sc_material_settlement,smart_construction_core.group_sc_cap_material_manager,1,1,1,1
access_sc_material_settlement_finance_read,sc.material.settlement.finance.read,model_sc_material_settlement,smart_construction_core.group_sc_cap_finance_read,1,0,0,0
access_sc_material_settlement_line_read,sc.material.settlement.line.read,model_sc_material_settlement_line,smart_construction_core.group_sc_cap_material_read,1,0,0,0
access_sc_material_settlement_line_user,sc.material.settlement.line.user,model_sc_material_settlement_line,smart_construction_core.group_sc_cap_material_user,1,1,1,0
access_sc_material_settlement_line_manager,sc.material.settlement.line.manager,model_sc_material_settlement_line,smart_construction_core.group_sc_cap_material_manager,1,1,1,1
access_sc_material_settlement_line_finance_read,sc.material.settlement.line.finance.read,model_sc_material_settlement_line,smart_construction_core.group_sc_cap_finance_read,1,0,0,0
access_sc_material_rental_plan_read,sc.material.rental.plan.read,model_sc_material_rental_plan,smart_construction_core.group_sc_cap_material_read,1,0,0,0
access_sc_material_rental_plan_user,sc.material.rental.plan.user,model_sc_material_rental_plan,smart_construction_core.group_sc_cap_material_user,1,1,1,0
access_sc_material_rental_plan_manager,sc.material.rental.plan.manager,model_sc_material_rental_plan,smart_construction_core.group_sc_cap_material_manager,1,1,1,1
access_sc_material_rental_plan_line_read,sc.material.rental.plan.line.read,model_sc_material_rental_plan_line,smart_construction_core.group_sc_cap_material_read,1,0,0,0
access_sc_material_rental_plan_line_user,sc.material.rental.plan.line.user,model_sc_material_rental_plan_line,smart_construction_core.group_sc_cap_material_user,1,1,1,0
access_sc_material_rental_plan_line_manager,sc.material.rental.plan.line.manager,model_sc_material_rental_plan_line,smart_construction_core.group_sc_cap_material_manager,1,1,1,1
access_sc_material_rental_order_read,sc.material.rental.order.read,model_sc_material_rental_order,smart_construction_core.group_sc_cap_material_read,1,0,0,0
access_sc_material_rental_order_user,sc.material.rental.order.user,model_sc_material_rental_order,smart_construction_core.group_sc_cap_material_user,1,1,1,0
access_sc_material_rental_order_manager,sc.material.rental.order.manager,model_sc_material_rental_order,smart_construction_core.group_sc_cap_material_manager,1,1,1,1
access_sc_material_rental_order_business_config_admin,sc.material.rental.order.business.config.admin,model_sc_material_rental_order,smart_construction_core.group_sc_cap_business_config_admin,1,1,1,1
access_sc_material_rental_order_line_read,sc.material.rental.order.line.read,model_sc_material_rental_order_line,smart_construction_core.group_sc_cap_material_read,1,0,0,0
access_sc_material_rental_order_line_user,sc.material.rental.order.line.user,model_sc_material_rental_order_line,smart_construction_core.group_sc_cap_material_user,1,1,1,0
access_sc_material_rental_order_line_manager,sc.material.rental.order.line.manager,model_sc_material_rental_order_line,smart_construction_core.group_sc_cap_material_manager,1,1,1,1
access_sc_material_rental_order_line_business_config_admin,sc.material.rental.order.line.business.config.admin,model_sc_material_rental_order_line,smart_construction_core.group_sc_cap_business_config_admin,1,1,1,1
access_sc_material_rental_settlement_read,sc.material.rental.settlement.read,model_sc_material_rental_settlement,smart_construction_core.group_sc_cap_material_read,1,0,0,0
access_sc_material_rental_settlement_user,sc.material.rental.settlement.user,model_sc_material_rental_settlement,smart_construction_core.group_sc_cap_material_user,1,1,1,0
access_sc_material_rental_settlement_manager,sc.material.rental.settlement.manager,model_sc_material_rental_settlement,smart_construction_core.group_sc_cap_material_manager,1,1,1,1
access_sc_material_rental_settlement_business_config_admin,sc.material.rental.settlement.business.config.admin,model_sc_material_rental_settlement,smart_construction_core.group_sc_cap_business_config_admin,1,1,1,1
access_sc_material_rental_settlement_line_read,sc.material.rental.settlement.line.read,model_sc_material_rental_settlement_line,smart_construction_core.group_sc_cap_material_read,1,0,0,0
access_sc_material_rental_settlement_line_user,sc.material.rental.settlement.line.user,model_sc_material_rental_settlement_line,smart_construction_core.group_sc_cap_material_user,1,1,1,0
access_sc_material_rental_settlement_line_manager,sc.material.rental.settlement.line.manager,model_sc_material_rental_settlement_line,smart_construction_core.group_sc_cap_material_manager,1,1,1,1
access_sc_material_rental_settlement_line_business_config_admin,sc.material.rental.settlement.line.business.config.admin,model_sc_material_rental_settlement_line,smart_construction_core.group_sc_cap_business_config_admin,1,1,1,1
access_purchase_order_business_initiator,purchase.order.business.initiator,purchase.model_purchase_order,smart_construction_core.group_sc_cap_business_initiator,1,1,1,0
access_purchase_order_line_business_initiator,purchase.order.line.business.initiator,purchase.model_purchase_order_line,smart_construction_core.group_sc_cap_business_initiator,1,1,1,0
access_material_plan_to_rfq_wizard,material.plan.to.rfq.wizard,model_material_plan_to_rfq_wizard,smart_construction_core.group_sc_cap_material_user,1,1,1,0
access_sc_attendance_checkin_user,sc.attendance.checkin.user,model_sc_attendance_checkin,smart_construction_core.group_sc_internal_user,1,1,1,0
access_sc_attendance_checkin_manager,sc.attendance.checkin.manager,model_sc_attendance_checkin,smart_construction_core.group_sc_super_admin,1,1,1,1
access_sc_labor_usage_user,sc.labor.usage.user,model_sc_labor_usage,smart_construction_core.group_sc_internal_user,1,1,1,0
access_sc_labor_usage_manager,sc.labor.usage.manager,model_sc_labor_usage,smart_construction_core.group_sc_super_admin,1,1,1,1
access_sc_labor_request_user,sc.labor.request.user,model_sc_labor_request,smart_construction_core.group_sc_internal_user,1,1,1,0
access_sc_labor_request_manager,sc.labor.request.manager,model_sc_labor_request,smart_construction_core.group_sc_super_admin,1,1,1,1
access_sc_labor_request_line_user,sc.labor.request.line.user,model_sc_labor_request_line,smart_construction_core.group_sc_internal_user,1,1,1,0
access_sc_labor_request_line_manager,sc.labor.request.line.manager,model_sc_labor_request_line,smart_construction_core.group_sc_super_admin,1,1,1,1
access_sc_labor_plan_user,sc.labor.plan.user,model_sc_labor_plan,smart_construction_core.group_sc_internal_user,1,1,1,0
access_sc_labor_plan_manager,sc.labor.plan.manager,model_sc_labor_plan,smart_construction_core.group_sc_super_admin,1,1,1,1
access_sc_labor_plan_line_user,sc.labor.plan.line.user,model_sc_labor_plan_line,smart_construction_core.group_sc_internal_user,1,1,1,0
access_sc_labor_plan_line_manager,sc.labor.plan.line.manager,model_sc_labor_plan_line,smart_construction_core.group_sc_super_admin,1,1,1,1
access_sc_labor_settlement_user,sc.labor.settlement.user,model_sc_labor_settlement,smart_construction_core.group_sc_internal_user,1,1,1,0
access_sc_labor_settlement_manager,sc.labor.settlement.manager,model_sc_labor_settlement,smart_construction_core.group_sc_super_admin,1,1,1,1
access_sc_labor_settlement_line_user,sc.labor.settlement.line.user,model_sc_labor_settlement_line,smart_construction_core.group_sc_internal_user,1,1,1,0
access_sc_labor_settlement_line_manager,sc.labor.settlement.line.manager,model_sc_labor_settlement_line,smart_construction_core.group_sc_super_admin,1,1,1,1
access_sc_labor_price_user,sc.labor.price.user,model_sc_labor_price,smart_construction_core.group_sc_internal_user,1,1,1,0
access_sc_labor_price_manager,sc.labor.price.manager,model_sc_labor_price,smart_construction_core.group_sc_super_admin,1,1,1,1
access_sc_equipment_plan_user,sc.equipment.plan.user,model_sc_equipment_plan,smart_construction_core.group_sc_internal_user,1,1,1,0
access_sc_equipment_plan_manager,sc.equipment.plan.manager,model_sc_equipment_plan,smart_construction_core.group_sc_super_admin,1,1,1,1
access_sc_equipment_plan_line_user,sc.equipment.plan.line.user,model_sc_equipment_plan_line,smart_construction_core.group_sc_internal_user,1,1,1,0
access_sc_equipment_plan_line_manager,sc.equipment.plan.line.manager,model_sc_equipment_plan_line,smart_construction_core.group_sc_super_admin,1,1,1,1
access_sc_equipment_request_user,sc.equipment.request.user,model_sc_equipment_request,smart_construction_core.group_sc_internal_user,1,1,1,0
access_sc_equipment_request_manager,sc.equipment.request.manager,model_sc_equipment_request,smart_construction_core.group_sc_super_admin,1,1,1,1
access_sc_equipment_request_line_user,sc.equipment.request.line.user,model_sc_equipment_request_line,smart_construction_core.group_sc_internal_user,1,1,1,0
access_sc_equipment_request_line_manager,sc.equipment.request.line.manager,model_sc_equipment_request_line,smart_construction_core.group_sc_super_admin,1,1,1,1
access_sc_equipment_usage_user,sc.equipment.usage.user,model_sc_equipment_usage,smart_construction_core.group_sc_internal_user,1,1,1,0
access_sc_equipment_usage_manager,sc.equipment.usage.manager,model_sc_equipment_usage,smart_construction_core.group_sc_super_admin,1,1,1,1
access_sc_equipment_settlement_user,sc.equipment.settlement.user,model_sc_equipment_settlement,smart_construction_core.group_sc_internal_user,1,1,1,0
access_sc_equipment_settlement_manager,sc.equipment.settlement.manager,model_sc_equipment_settlement,smart_construction_core.group_sc_super_admin,1,1,1,1
access_sc_equipment_settlement_line_user,sc.equipment.settlement.line.user,model_sc_equipment_settlement_line,smart_construction_core.group_sc_internal_user,1,1,1,0
access_sc_equipment_settlement_line_manager,sc.equipment.settlement.line.manager,model_sc_equipment_settlement_line,smart_construction_core.group_sc_super_admin,1,1,1,1
access_sc_equipment_price_user,sc.equipment.price.user,model_sc_equipment_price,smart_construction_core.group_sc_internal_user,1,1,1,0
access_sc_equipment_price_manager,sc.equipment.price.manager,model_sc_equipment_price,smart_construction_core.group_sc_super_admin,1,1,1,1
access_sc_subcontract_plan_user,sc.subcontract.plan.user,model_sc_subcontract_plan,smart_construction_core.group_sc_internal_user,1,1,1,0
access_sc_subcontract_plan_manager,sc.subcontract.plan.manager,model_sc_subcontract_plan,smart_construction_core.group_sc_super_admin,1,1,1,1
access_sc_subcontract_plan_line_user,sc.subcontract.plan.line.user,model_sc_subcontract_plan_line,smart_construction_core.group_sc_internal_user,1,1,1,0
access_sc_subcontract_plan_line_manager,sc.subcontract.plan.line.manager,model_sc_subcontract_plan_line,smart_construction_core.group_sc_super_admin,1,1,1,1
access_sc_subcontract_request_user,sc.subcontract.request.user,model_sc_subcontract_request,smart_construction_core.group_sc_internal_user,1,1,1,0
access_sc_subcontract_request_manager,sc.subcontract.request.manager,model_sc_subcontract_request,smart_construction_core.group_sc_super_admin,1,1,1,1
access_sc_subcontract_request_line_user,sc.subcontract.request.line.user,model_sc_subcontract_request_line,smart_construction_core.group_sc_internal_user,1,1,1,0
access_sc_subcontract_request_line_manager,sc.subcontract.request.line.manager,model_sc_subcontract_request_line,smart_construction_core.group_sc_super_admin,1,1,1,1
access_sc_subcontract_register_user,sc.subcontract.register.user,model_sc_subcontract_register,smart_construction_core.group_sc_internal_user,1,1,1,0
access_sc_subcontract_register_manager,sc.subcontract.register.manager,model_sc_subcontract_register,smart_construction_core.group_sc_super_admin,1,1,1,1
access_sc_subcontract_register_line_user,sc.subcontract.register.line.user,model_sc_subcontract_register_line,smart_construction_core.group_sc_internal_user,1,1,1,0
access_sc_subcontract_register_line_manager,sc.subcontract.register.line.manager,model_sc_subcontract_register_line,smart_construction_core.group_sc_super_admin,1,1,1,1
access_sc_subcontract_settlement_user,sc.subcontract.settlement.user,model_sc_subcontract_settlement,smart_construction_core.group_sc_internal_user,1,1,1,0
access_sc_subcontract_settlement_manager,sc.subcontract.settlement.manager,model_sc_subcontract_settlement,smart_construction_core.group_sc_super_admin,1,1,1,1
access_sc_subcontract_settlement_line_user,sc.subcontract.settlement.line.user,model_sc_subcontract_settlement_line,smart_construction_core.group_sc_internal_user,1,1,1,0
access_sc_subcontract_settlement_line_manager,sc.subcontract.settlement.line.manager,model_sc_subcontract_settlement_line,smart_construction_core.group_sc_super_admin,1,1,1,1
access_sc_subcontract_price_user,sc.subcontract.price.user,model_sc_subcontract_price,smart_construction_core.group_sc_internal_user,1,1,1,0
access_sc_subcontract_price_manager,sc.subcontract.price.manager,model_sc_subcontract_price,smart_construction_core.group_sc_super_admin,1,1,1,1
access_sc_workflow_def_admin,sc.workflow.def.admin,model_sc_workflow_def,smart_core.group_smart_core_admin,1,1,1,1
access_sc_workflow_node_admin,sc.workflow.node.admin,model_sc_workflow_node,smart_core.group_smart_core_admin,1,1,1,1
access_sc_workflow_instance_admin,sc.workflow.instance.admin,model_sc_workflow_instance,smart_core.group_smart_core_admin,1,1,1,1
access_sc_workflow_workitem_admin,sc.workflow.workitem.admin,model_sc_workflow_workitem,smart_core.group_smart_core_admin,1,1,1,1
access_sc_workflow_log_admin,sc.workflow.log.admin,model_sc_workflow_log,smart_core.group_smart_core_admin,1,1,1,1
access_sc_approval_policy_business_config,sc.approval.policy.business.config,model_sc_approval_policy,smart_construction_core.group_sc_cap_business_config_admin,1,1,1,1
access_sc_approval_step_business_config,sc.approval.step.business.config,model_sc_approval_step,smart_construction_core.group_sc_cap_business_config_admin,1,1,1,1
access_sc_approval_policy_read,sc.approval.policy.read,model_sc_approval_policy,smart_construction_core.group_sc_internal_user,1,0,0,0
access_sc_approval_step_read,sc.approval.step.read,model_sc_approval_step,smart_construction_core.group_sc_internal_user,1,0,0,0
access_sc_approval_scope_business_config,sc.approval.scope.business.config,model_sc_approval_scope,smart_construction_core.group_sc_cap_business_config_admin,1,1,1,0
access_sc_approval_scope_user_wizard_business_config,sc.approval.scope.user.wizard.business.config,model_sc_approval_scope_user_wizard,smart_construction_core.group_sc_cap_business_config_admin,1,1,1,1
access_res_users_business_config_user,res.users.business.config.user,base.model_res_users,smart_construction_core.group_sc_cap_business_config_admin,1,1,1,0
access_sc_treasury_ledger_read,sc.treasury.ledger.read,model_sc_treasury_ledger,smart_construction_core.group_sc_cap_finance_read,1,0,0,0
access_sc_treasury_ledger_user,sc.treasury.ledger.user,model_sc_treasury_ledger,smart_construction_core.group_sc_cap_finance_user,1,0,0,0
access_sc_treasury_ledger_manager,sc.treasury.ledger.manager,model_sc_treasury_ledger,smart_construction_core.group_sc_cap_finance_manager,1,1,1,1
access_sc_ar_ap_project_summary_finance_read,sc.ar.ap.project.summary.finance.read,model_sc_ar_ap_project_summary,smart_construction_core.group_sc_cap_finance_read,1,0,0,0
access_sc_ar_ap_project_summary_finance_user,sc.ar.ap.project.summary.finance.user,model_sc_ar_ap_project_summary,smart_construction_core.group_sc_cap_finance_user,1,0,0,0
access_sc_ar_ap_project_summary_finance_manager,sc.ar.ap.project.summary.finance.manager,model_sc_ar_ap_project_summary,smart_construction_core.group_sc_cap_finance_manager,1,0,0,0
access_sc_ar_ap_project_summary_business_initiator,sc.ar.ap.project.summary.business.initiator,model_sc_ar_ap_project_summary,smart_construction_core.group_sc_cap_business_initiator,1,0,0,0
access_sc_ar_ap_project_summary_contract_read,sc.ar.ap.project.summary.contract.read,model_sc_ar_ap_project_summary,smart_construction_core.group_sc_cap_contract_read,1,0,0,0
access_sc_ar_ap_project_summary_contract_user,sc.ar.ap.project.summary.contract.user,model_sc_ar_ap_project_summary,smart_construction_core.group_sc_cap_contract_user,1,0,0,0
access_sc_ar_ap_project_summary_contract_manager,sc.ar.ap.project.summary.contract.manager,model_sc_ar_ap_project_summary,smart_construction_core.group_sc_cap_contract_manager,1,0,0,0
access_sc_ar_ap_company_summary_finance_read,sc.ar.ap.company.summary.finance.read,model_sc_ar_ap_company_summary,smart_construction_core.group_sc_cap_finance_read,1,0,0,0
access_sc_ar_ap_company_summary_finance_user,sc.ar.ap.company.summary.finance.user,model_sc_ar_ap_company_summary,smart_construction_core.group_sc_cap_finance_user,1,0,0,0
access_sc_ar_ap_company_summary_finance_manager,sc.ar.ap.company.summary.finance.manager,model_sc_ar_ap_company_summary,smart_construction_core.group_sc_cap_finance_manager,1,0,0,0
access_sc_ar_ap_company_summary_business_initiator,sc.ar.ap.company.summary.business.initiator,model_sc_ar_ap_company_summary,smart_construction_core.group_sc_cap_business_initiator,1,0,0,0
access_sc_ar_ap_company_summary_contract_read,sc.ar.ap.company.summary.contract.read,model_sc_ar_ap_company_summary,smart_construction_core.group_sc_cap_contract_read,1,0,0,0
access_sc_ar_ap_company_summary_contract_user,sc.ar.ap.company.summary.contract.user,model_sc_ar_ap_company_summary,smart_construction_core.group_sc_cap_contract_user,1,0,0,0
access_sc_ar_ap_company_summary_contract_manager,sc.ar.ap.company.summary.contract.manager,model_sc_ar_ap_company_summary,smart_construction_core.group_sc_cap_contract_manager,1,0,0,0
access_sc_fund_daily_summary_read,sc.fund.daily.summary.read,model_sc_fund_daily_summary,smart_construction_core.group_sc_cap_finance_read,1,0,0,0
access_sc_fund_daily_summary_user,sc.fund.daily.summary.user,model_sc_fund_daily_summary,smart_construction_core.group_sc_cap_finance_user,1,0,0,0
access_sc_fund_daily_summary_manager,sc.fund.daily.summary.manager,model_sc_fund_daily_summary,smart_construction_core.group_sc_cap_finance_manager,1,0,0,0
access_sc_operating_metrics_project_read,sc.operating.metrics.project.read,model_sc_operating_metrics_project,smart_construction_core.group_sc_cap_project_read,1,0,0,0
access_sc_operating_metrics_project_cost_read,sc.operating.metrics.project.cost.read,model_sc_operating_metrics_project,smart_construction_core.group_sc_cap_cost_read,1,0,0,0
access_sc_company_operation_summary_finance_read,sc.company.operation.summary.finance.read,model_sc_company_operation_summary,smart_construction_core.group_sc_cap_finance_read,1,0,0,0
access_sc_company_operation_summary_finance_user,sc.company.operation.summary.finance.user,model_sc_company_operation_summary,smart_construction_core.group_sc_cap_finance_user,1,0,0,0
access_sc_company_operation_summary_finance_manager,sc.company.operation.summary.finance.manager,model_sc_company_operation_summary,smart_construction_core.group_sc_cap_finance_manager,1,0,0,0
access_sc_company_operation_summary_cost_read,sc.company.operation.summary.cost.read,model_sc_company_operation_summary,smart_construction_core.group_sc_cap_cost_read,1,0,0,0
access_sc_company_operation_summary_cost_user,sc.company.operation.summary.cost.user,model_sc_company_operation_summary,smart_construction_core.group_sc_cap_cost_user,1,0,0,0
access_sc_company_operation_summary_cost_manager,sc.company.operation.summary.cost.manager,model_sc_company_operation_summary,smart_construction_core.group_sc_cap_cost_manager,1,0,0,0
access_sc_invoice_category_summary_business_initiator,sc.invoice.category.summary.business.initiator,model_sc_invoice_category_summary,smart_construction_core.group_sc_cap_business_initiator,1,0,0,0
access_sc_invoice_category_summary_finance_read,sc.invoice.category.summary.finance.read,model_sc_invoice_category_summary,smart_construction_core.group_sc_cap_finance_read,1,0,0,0
access_sc_invoice_category_summary_finance_user,sc.invoice.category.summary.finance.user,model_sc_invoice_category_summary,smart_construction_core.group_sc_cap_finance_user,1,0,0,0
access_sc_invoice_category_summary_finance_manager,sc.invoice.category.summary.finance.manager,model_sc_invoice_category_summary,smart_construction_core.group_sc_cap_finance_manager,1,0,0,0
access_sc_expense_reimbursement_summary_business_initiator,sc.expense.reimbursement.summary.business.initiator,model_sc_expense_reimbursement_summary,smart_construction_core.group_sc_cap_business_initiator,1,0,0,0
access_sc_expense_reimbursement_summary_finance_read,sc.expense.reimbursement.summary.finance.read,model_sc_expense_reimbursement_summary,smart_construction_core.group_sc_cap_finance_read,1,0,0,0
access_sc_expense_reimbursement_summary_finance_user,sc.expense.reimbursement.summary.finance.user,model_sc_expense_reimbursement_summary,smart_construction_core.group_sc_cap_finance_user,1,0,0,0
access_sc_expense_reimbursement_summary_finance_manager,sc.expense.reimbursement.summary.finance.manager,model_sc_expense_reimbursement_summary,smart_construction_core.group_sc_cap_finance_manager,1,0,0,0
access_sc_salary_summary_business_initiator,sc.salary.summary.business.initiator,model_sc_salary_summary,smart_construction_core.group_sc_cap_business_initiator,1,0,0,0
access_sc_salary_summary_business_config,sc.salary.summary.business.config,model_sc_salary_summary,smart_construction_core.group_sc_cap_business_config_admin,1,0,0,0
access_sc_salary_summary_finance_read,sc.salary.summary.finance.read,model_sc_salary_summary,smart_construction_core.group_sc_cap_finance_read,1,0,0,0
access_sc_salary_summary_finance_user,sc.salary.summary.finance.user,model_sc_salary_summary,smart_construction_core.group_sc_cap_finance_user,1,0,0,0
access_sc_salary_summary_finance_manager,sc.salary.summary.finance.manager,model_sc_salary_summary,smart_construction_core.group_sc_cap_finance_manager,1,0,0,0
access_sc_operating_metrics_project_finance_read,sc.operating.metrics.project.finance.read,model_sc_operating_metrics_project,smart_construction_core.group_sc_cap_finance_read,1,0,0,0
access_sc_partner_contact_manager,sc.partner.contact.manager,base.model_res_partner,smart_construction_core.group_sc_cap_contact_manager,1,1,1,1
access_sc_audit_log_system,sc.audit.log.system,model_sc_audit_log,base.group_system,1,1,1,1
access_sc_audit_log_admin,sc.audit.log.admin,model_sc_audit_log,smart_construction_core.group_sc_super_admin,1,1,1,1
access_sc_signup_throttle_admin,sc.signup.throttle.admin,model_sc_signup_throttle,base.group_system,1,1,1,1
access_sc_project_stage_requirement_item_admin,sc.project.stage.requirement.item.admin,model_sc_project_stage_requirement_item,smart_construction_core.group_sc_super_admin,1,1,1,1
access_sc_project_stage_requirement_item_business_config,sc.project.stage.requirement.item.business.config,model_sc_project_stage_requirement_item,smart_construction_core.group_sc_cap_business_config_admin,1,1,1,1
access_sc_project_stage_requirement_item_manager,sc.project.stage.requirement.item.manager,model_sc_project_stage_requirement_item,smart_construction_core.group_sc_cap_project_manager,1,1,1,1
access_sc_project_stage_requirement_item_read,sc.project.stage.requirement.item.read,model_sc_project_stage_requirement_item,smart_construction_core.group_sc_cap_project_read,1,0,0,0
access_sc_project_stage_requirement_wizard_line_user,sc.project.stage.requirement.wizard.line.user,model_sc_project_stage_requirement_wizard_line,smart_construction_core.group_sc_cap_project_read,1,1,1,1
access_sc_project_next_action_rule_admin,sc.project.next.action.rule.admin,model_sc_project_next_action_rule,smart_construction_core.group_sc_super_admin,1,1,1,1
access_sc_project_next_action_rule_read,sc.project.next.action.rule.read,model_sc_project_next_action_rule,smart_construction_core.group_sc_cap_project_read,1,0,0,0
access_project_risk_action_sc_read,project.risk.action sc read,model_project_risk_action,smart_construction_core.group_sc_cap_project_read,1,0,0,0
access_project_risk_action_sc_user,project.risk.action sc user,model_project_risk_action,smart_construction_core.group_sc_cap_project_user,1,1,1,0
access_project_risk_action_sc_manager,project.risk.action sc manager,model_project_risk_action,smart_construction_core.group_sc_cap_project_manager,1,1,1,1
access_sc_construction_diary_read,sc.construction.diary.read,model_sc_construction_diary,smart_construction_core.group_sc_cap_project_read,1,0,0,0
access_sc_construction_diary_user,sc.construction.diary.user,model_sc_construction_diary,smart_construction_core.group_sc_cap_project_user,1,1,1,0
access_sc_construction_diary_manager,sc.construction.diary.manager,model_sc_construction_diary,smart_construction_core.group_sc_cap_project_manager,1,1,1,1
access_sc_tax_deduction_registration_admin,sc.tax.deduction.registration.admin,model_sc_tax_deduction_registration,smart_construction_core.group_sc_cap_config_admin,1,1,1,1
access_sc_tax_deduction_registration_business_initiator,sc.tax.deduction.registration.business.initiator,model_sc_tax_deduction_registration,smart_construction_core.group_sc_cap_business_initiator,1,1,1,0
access_sc_tax_deduction_registration_finance_read,sc.tax.deduction.registration.finance.read,model_sc_tax_deduction_registration,smart_construction_core.group_sc_cap_finance_read,1,0,0,0
access_sc_tax_deduction_registration_finance_user,sc.tax.deduction.registration.finance.user,model_sc_tax_deduction_registration,smart_construction_core.group_sc_cap_finance_user,1,1,1,0
access_sc_tax_deduction_registration_finance_manager,sc.tax.deduction.registration.finance.manager,model_sc_tax_deduction_registration,smart_construction_core.group_sc_cap_finance_manager,1,1,1,1
access_sc_business_entity_admin,sc.business.entity.admin,model_sc_business_entity,smart_construction_core.group_sc_cap_config_admin,1,1,1,1
access_sc_business_entity_internal_read,sc.business.entity.internal.read,model_sc_business_entity,smart_construction_core.group_sc_internal_user,1,0,0,0
access_sc_dashboard_cockpit_fact_user,sc.dashboard.cockpit.fact.user,model_sc_dashboard_cockpit_fact,base.group_user,1,1,1,1
access_sc_workbench_item_user,sc.workbench.item.user,model_sc_workbench_item,base.group_user,1,1,1,1
access_sc_office_admin_document_user,sc.office.admin.document.user,model_sc_office_admin_document,smart_construction_core.group_sc_cap_business_initiator,1,1,1,0
access_sc_office_admin_document_business_config,sc.office.admin.document.business.config,model_sc_office_admin_document,smart_construction_core.group_sc_cap_business_config_admin,1,1,1,1
access_sc_hr_payroll_document_user,sc.hr.payroll.document.user,model_sc_hr_payroll_document,smart_construction_core.group_sc_cap_business_initiator,1,1,1,0
access_sc_hr_payroll_document_business_config,sc.hr.payroll.document.business.config,model_sc_hr_payroll_document,smart_construction_core.group_sc_cap_business_config_admin,1,1,1,1
access_sc_document_admin_document_user,sc.document.admin.document.user,model_sc_document_admin_document,smart_construction_core.group_sc_cap_business_initiator,1,1,1,0
access_sc_document_admin_document_business_config,sc.document.admin.document.business.config,model_sc_document_admin_document,smart_construction_core.group_sc_cap_business_config_admin,1,1,1,1
access_sc_fund_account_finance_read,sc.fund.account.finance.read,model_sc_fund_account,smart_construction_core.group_sc_cap_finance_read,1,0,0,0
access_sc_fund_account_finance_user,sc.fund.account.finance.user,model_sc_fund_account,smart_construction_core.group_sc_cap_finance_user,1,1,1,0
access_sc_fund_account_finance_manager,sc.fund.account.finance.manager,model_sc_fund_account,smart_construction_core.group_sc_cap_finance_manager,1,1,1,1
access_sc_fund_account_config_admin,sc.fund.account.config.admin,model_sc_fund_account,smart_construction_core.group_sc_cap_config_admin,1,1,1,1
access_sc_fund_account_operation_finance_read,sc.fund.account.operation.finance.read,model_sc_fund_account_operation,smart_construction_core.group_sc_cap_finance_read,1,0,0,0
access_sc_fund_account_operation_business_initiator,sc.fund.account.operation.business.initiator,model_sc_fund_account_operation,smart_construction_core.group_sc_cap_business_initiator,1,1,1,0
access_sc_fund_account_operation_finance_user,sc.fund.account.operation.finance.user,model_sc_fund_account_operation,smart_construction_core.group_sc_cap_finance_user,1,1,1,0
access_sc_fund_account_operation_finance_manager,sc.fund.account.operation.finance.manager,model_sc_fund_account_operation,smart_construction_core.group_sc_cap_finance_manager,1,1,1,1
access_sc_fund_account_operation_config_admin,sc.fund.account.operation.config.admin,model_sc_fund_account_operation,smart_construction_core.group_sc_cap_config_admin,1,1,1,1
access_sc_plan_read,sc.plan.read,model_sc_plan,smart_construction_core.group_sc_cap_project_read,1,0,0,0
access_sc_plan_user,sc.plan.user,model_sc_plan,smart_construction_core.group_sc_cap_project_user,1,1,1,0
access_sc_plan_manager,sc.plan.manager,model_sc_plan,smart_construction_core.group_sc_cap_project_manager,1,1,1,1
access_sc_plan_line_read,sc.plan.line.read,model_sc_plan_line,smart_construction_core.group_sc_cap_project_read,1,0,0,0
access_sc_plan_line_user,sc.plan.line.user,model_sc_plan_line,smart_construction_core.group_sc_cap_project_user,1,1,1,0
access_sc_plan_line_manager,sc.plan.line.manager,model_sc_plan_line,smart_construction_core.group_sc_cap_project_manager,1,1,1,1
access_sc_plan_version_read,sc.plan.version.read,model_sc_plan_version,smart_construction_core.group_sc_cap_project_read,1,0,0,0
access_sc_plan_version_user,sc.plan.version.user,model_sc_plan_version,smart_construction_core.group_sc_cap_project_user,1,1,1,0
access_sc_plan_version_manager,sc.plan.version.manager,model_sc_plan_version,smart_construction_core.group_sc_cap_project_manager,1,1,1,1
access_sc_plan_report_read,sc.plan.report.read,model_sc_plan_report,smart_construction_core.group_sc_cap_project_read,1,0,0,0
access_sc_plan_report_user,sc.plan.report.user,model_sc_plan_report,smart_construction_core.group_sc_cap_project_user,1,1,1,0
access_sc_plan_report_manager,sc.plan.report.manager,model_sc_plan_report,smart_construction_core.group_sc_cap_project_manager,1,1,1,1
access_sc_plan_warning_log_read,sc.plan.warning.log.read,model_sc_plan_warning_log,smart_construction_core.group_sc_cap_project_read,1,0,0,0
access_sc_plan_warning_log_user,sc.plan.warning.log.user,model_sc_plan_warning_log,smart_construction_core.group_sc_cap_project_user,1,1,1,0
access_sc_plan_warning_log_manager,sc.plan.warning.log.manager,model_sc_plan_warning_log,smart_construction_core.group_sc_cap_project_manager,1,1,1,1
access_sc_check_standard_read,sc.check.standard.read,model_sc_check_standard,smart_construction_core.group_sc_cap_project_read,1,0,0,0
access_sc_check_standard_user,sc.check.standard.user,model_sc_check_standard,smart_construction_core.group_sc_cap_project_user,1,1,1,0
access_sc_check_standard_manager,sc.check.standard.manager,model_sc_check_standard,smart_construction_core.group_sc_cap_project_manager,1,1,1,1
access_sc_check_standard_item_read,sc.check.standard.item.read,model_sc_check_standard_item,smart_construction_core.group_sc_cap_project_read,1,0,0,0
access_sc_check_standard_item_user,sc.check.standard.item.user,model_sc_check_standard_item,smart_construction_core.group_sc_cap_project_user,1,1,1,0
access_sc_check_standard_item_manager,sc.check.standard.item.manager,model_sc_check_standard_item,smart_construction_core.group_sc_cap_project_manager,1,1,1,1
access_sc_quality_issue_read,sc.quality.issue.read,model_sc_quality_issue,smart_construction_core.group_sc_cap_project_read,1,0,0,0
access_sc_quality_issue_user,sc.quality.issue.user,model_sc_quality_issue,smart_construction_core.group_sc_cap_project_user,1,1,1,0
access_sc_quality_issue_manager,sc.quality.issue.manager,model_sc_quality_issue,smart_construction_core.group_sc_cap_project_manager,1,1,1,1
access_sc_quality_rectification_read,sc.quality.rectification.read,model_sc_quality_rectification,smart_construction_core.group_sc_cap_project_read,1,0,0,0
access_sc_quality_rectification_user,sc.quality.rectification.user,model_sc_quality_rectification,smart_construction_core.group_sc_cap_project_user,1,1,1,0
access_sc_quality_rectification_manager,sc.quality.rectification.manager,model_sc_quality_rectification,smart_construction_core.group_sc_cap_project_manager,1,1,1,1
access_sc_quality_recheck_read,sc.quality.recheck.read,model_sc_quality_recheck,smart_construction_core.group_sc_cap_project_read,1,0,0,0
access_sc_quality_recheck_user,sc.quality.recheck.user,model_sc_quality_recheck,smart_construction_core.group_sc_cap_project_user,1,1,1,0
access_sc_quality_recheck_manager,sc.quality.recheck.manager,model_sc_quality_recheck,smart_construction_core.group_sc_cap_project_manager,1,1,1,1
access_sc_site_photo_batch_read,sc.site.photo.batch.read,model_sc_site_photo_batch,smart_construction_core.group_sc_cap_project_read,1,0,0,0
access_sc_site_photo_batch_user,sc.site.photo.batch.user,model_sc_site_photo_batch,smart_construction_core.group_sc_cap_project_user,1,1,1,0
access_sc_site_photo_batch_manager,sc.site.photo.batch.manager,model_sc_site_photo_batch,smart_construction_core.group_sc_cap_project_manager,1,1,1,1
access_sc_safety_plan_read,sc.safety.plan.read,model_sc_safety_plan,smart_construction_core.group_sc_cap_project_read,1,0,0,0
access_sc_safety_plan_user,sc.safety.plan.user,model_sc_safety_plan,smart_construction_core.group_sc_cap_project_user,1,1,1,0
access_sc_safety_plan_manager,sc.safety.plan.manager,model_sc_safety_plan,smart_construction_core.group_sc_cap_project_manager,1,1,1,1
access_sc_safety_disclosure_read,sc.safety.disclosure.read,model_sc_safety_disclosure,smart_construction_core.group_sc_cap_project_read,1,0,0,0
access_sc_safety_disclosure_user,sc.safety.disclosure.user,model_sc_safety_disclosure,smart_construction_core.group_sc_cap_project_user,1,1,1,0
access_sc_safety_disclosure_manager,sc.safety.disclosure.manager,model_sc_safety_disclosure,smart_construction_core.group_sc_cap_project_manager,1,1,1,1
access_sc_risk_library_read,sc.risk.library.read,model_sc_risk_library,smart_construction_core.group_sc_cap_project_read,1,0,0,0
access_sc_risk_library_user,sc.risk.library.user,model_sc_risk_library,smart_construction_core.group_sc_cap_project_user,1,1,1,0
access_sc_risk_library_manager,sc.risk.library.manager,model_sc_risk_library,smart_construction_core.group_sc_cap_project_manager,1,1,1,1
access_sc_risk_item_read,sc.risk.item.read,model_sc_risk_item,smart_construction_core.group_sc_cap_project_read,1,0,0,0
access_sc_risk_item_user,sc.risk.item.user,model_sc_risk_item,smart_construction_core.group_sc_cap_project_user,1,1,1,0
access_sc_risk_item_manager,sc.risk.item.manager,model_sc_risk_item,smart_construction_core.group_sc_cap_project_manager,1,1,1,1
access_sc_hazard_source_read,sc.hazard.source.read,model_sc_hazard_source,smart_construction_core.group_sc_cap_project_read,1,0,0,0
access_sc_hazard_source_user,sc.hazard.source.user,model_sc_hazard_source,smart_construction_core.group_sc_cap_project_user,1,1,1,0
access_sc_hazard_source_manager,sc.hazard.source.manager,model_sc_hazard_source,smart_construction_core.group_sc_cap_project_manager,1,1,1,1
access_sc_safety_issue_read,sc.safety.issue.read,model_sc_safety_issue,smart_construction_core.group_sc_cap_project_read,1,0,0,0
access_sc_safety_issue_user,sc.safety.issue.user,model_sc_safety_issue,smart_construction_core.group_sc_cap_project_user,1,1,1,0
access_sc_safety_issue_manager,sc.safety.issue.manager,model_sc_safety_issue,smart_construction_core.group_sc_cap_project_manager,1,1,1,1
access_sc_safety_rectification_read,sc.safety.rectification.read,model_sc_safety_rectification,smart_construction_core.group_sc_cap_project_read,1,0,0,0
access_sc_safety_rectification_user,sc.safety.rectification.user,model_sc_safety_rectification,smart_construction_core.group_sc_cap_project_user,1,1,1,0
access_sc_safety_rectification_manager,sc.safety.rectification.manager,model_sc_safety_rectification,smart_construction_core.group_sc_cap_project_manager,1,1,1,1
access_sc_safety_recheck_read,sc.safety.recheck.read,model_sc_safety_recheck,smart_construction_core.group_sc_cap_project_read,1,0,0,0
access_sc_safety_recheck_user,sc.safety.recheck.user,model_sc_safety_recheck,smart_construction_core.group_sc_cap_project_user,1,1,1,0
access_sc_safety_recheck_manager,sc.safety.recheck.manager,model_sc_safety_recheck,smart_construction_core.group_sc_cap_project_manager,1,1,1,1
access_sc_safety_patrol_task_read,sc.safety.patrol.task.read,model_sc_safety_patrol_task,smart_construction_core.group_sc_cap_project_read,1,0,0,0
access_sc_safety_patrol_task_user,sc.safety.patrol.task.user,model_sc_safety_patrol_task,smart_construction_core.group_sc_cap_project_user,1,1,1,0
access_sc_safety_patrol_task_manager,sc.safety.patrol.task.manager,model_sc_safety_patrol_task,smart_construction_core.group_sc_cap_project_manager,1,1,1,1
access_sc_contract_event_read,sc.contract.event.read,model_sc_contract_event,smart_construction_core.group_sc_cap_contract_read,1,0,0,0
access_sc_contract_event_user,sc.contract.event.user,model_sc_contract_event,smart_construction_core.group_sc_cap_contract_user,1,1,1,0
access_sc_contract_event_manager,sc.contract.event.manager,model_sc_contract_event,smart_construction_core.group_sc_cap_contract_manager,1,1,1,1
access_sc_material_stock_summary_business_initiator,sc.material.stock.summary.business.initiator,model_sc_material_stock_summary,smart_construction_core.group_sc_cap_business_initiator,1,0,0,0
access_sc_material_stock_summary_material_read,sc.material.stock.summary.material.read,model_sc_material_stock_summary,smart_construction_core.group_sc_cap_material_read,1,0,0,0
access_sc_material_stock_summary_material_user,sc.material.stock.summary.material.user,model_sc_material_stock_summary,smart_construction_core.group_sc_cap_material_user,1,0,0,0
access_sc_material_stock_summary_material_manager,sc.material.stock.summary.material.manager,model_sc_material_stock_summary,smart_construction_core.group_sc_cap_material_manager,1,0,0,0
access_sc_material_stock_summary_cost_read,sc.material.stock.summary.cost.read,model_sc_material_stock_summary,smart_construction_core.group_sc_cap_cost_read,1,0,0,0
access_sc_material_stock_summary_cost_user,sc.material.stock.summary.cost.user,model_sc_material_stock_summary,smart_construction_core.group_sc_cap_cost_user,1,0,0,0
access_sc_material_stock_summary_cost_manager,sc.material.stock.summary.cost.manager,model_sc_material_stock_summary,smart_construction_core.group_sc_cap_cost_manager,1,0,0,0
access_sc_comprehensive_cost_summary_business_initiator,sc.comprehensive.cost.summary.business.initiator,model_sc_comprehensive_cost_summary,smart_construction_core.group_sc_cap_business_initiator,1,0,0,0
access_sc_comprehensive_cost_summary_finance_read,sc.comprehensive.cost.summary.finance.read,model_sc_comprehensive_cost_summary,smart_construction_core.group_sc_cap_finance_read,1,0,0,0
access_sc_comprehensive_cost_summary_finance_user,sc.comprehensive.cost.summary.finance.user,model_sc_comprehensive_cost_summary,smart_construction_core.group_sc_cap_finance_user,1,0,0,0
access_sc_comprehensive_cost_summary_finance_manager,sc.comprehensive.cost.summary.finance.manager,model_sc_comprehensive_cost_summary,smart_construction_core.group_sc_cap_finance_manager,1,0,0,0
access_sc_comprehensive_cost_summary_cost_read,sc.comprehensive.cost.summary.cost.read,model_sc_comprehensive_cost_summary,smart_construction_core.group_sc_cap_cost_read,1,0,0,0
access_sc_comprehensive_cost_summary_cost_user,sc.comprehensive.cost.summary.cost.user,model_sc_comprehensive_cost_summary,smart_construction_core.group_sc_cap_cost_user,1,0,0,0
access_sc_comprehensive_cost_summary_cost_manager,sc.comprehensive.cost.summary.cost.manager,model_sc_comprehensive_cost_summary,smart_construction_core.group_sc_cap_cost_manager,1,0,0,0
access_sc_comprehensive_cost_summary_contract_read,sc.comprehensive.cost.summary.contract.read,model_sc_comprehensive_cost_summary,smart_construction_core.group_sc_cap_contract_read,1,0,0,0
access_sc_comprehensive_cost_summary_contract_user,sc.comprehensive.cost.summary.contract.user,model_sc_comprehensive_cost_summary,smart_construction_core.group_sc_cap_contract_user,1,0,0,0
access_sc_comprehensive_cost_summary_contract_manager,sc.comprehensive.cost.summary.contract.manager,model_sc_comprehensive_cost_summary,smart_construction_core.group_sc_cap_contract_manager,1,0,0,0
access_sc_ar_ap_report_summary_business_initiator,sc.ar.ap.report.summary.business.initiator,model_sc_ar_ap_report_summary,smart_construction_core.group_sc_cap_business_initiator,1,0,0,0
access_sc_ar_ap_report_summary_finance_read,sc.ar.ap.report.summary.finance.read,model_sc_ar_ap_report_summary,smart_construction_core.group_sc_cap_finance_read,1,0,0,0
access_sc_ar_ap_report_summary_finance_user,sc.ar.ap.report.summary.finance.user,model_sc_ar_ap_report_summary,smart_construction_core.group_sc_cap_finance_user,1,0,0,0
access_sc_ar_ap_report_summary_finance_manager,sc.ar.ap.report.summary.finance.manager,model_sc_ar_ap_report_summary,smart_construction_core.group_sc_cap_finance_manager,1,0,0,0
access_sc_ar_ap_report_summary_cost_read,sc.ar.ap.report.summary.cost.read,model_sc_ar_ap_report_summary,smart_construction_core.group_sc_cap_cost_read,1,0,0,0
access_sc_ar_ap_report_summary_cost_user,sc.ar.ap.report.summary.cost.user,model_sc_ar_ap_report_summary,smart_construction_core.group_sc_cap_cost_user,1,0,0,0
access_sc_ar_ap_report_summary_cost_manager,sc.ar.ap.report.summary.cost.manager,model_sc_ar_ap_report_summary,smart_construction_core.group_sc_cap_cost_manager,1,0,0,0
access_ui_form_field_policy_business_config,ui.form.field.policy.business.config,smart_core.model_ui_form_field_policy,smart_construction_core.group_sc_cap_business_config_admin,1,1,1,1
access_ui_form_custom_field_wizard_business_config,ui.form.custom.field.wizard.business.config,smart_core.model_ui_form_custom_field_wizard,smart_construction_core.group_sc_cap_business_config_admin,1,1,1,1
access_ir_model_business_config_read,ir.model.business.config.read,base.model_ir_model,smart_construction_core.group_sc_cap_business_config_admin,1,0,0,0
access_ir_model_fields_business_config_read,ir.model.fields.business.config.read,base.model_ir_model_fields,smart_construction_core.group_sc_cap_business_config_admin,1,0,0,0
access_ir_ui_view_business_config_read,ir.ui.view.business.config.read,base.model_ir_ui_view,smart_construction_core.group_sc_cap_business_config_admin,1,0,0,0
access_sc_partner_business_fact_line_read,sc.partner.business.fact.line.read,model_sc_partner_business_fact_line,smart_construction_core.group_sc_internal_user,1,0,0,0
access_sc_interfund_movement_fact_finance_read,sc.interfund.movement.fact.finance.read,model_sc_interfund_movement_fact,smart_construction_core.group_sc_cap_finance_read,1,1,0,0
access_sc_interfund_movement_fact_finance_user,sc.interfund.movement.fact.finance.user,model_sc_interfund_movement_fact,smart_construction_core.group_sc_cap_finance_user,1,1,0,0
access_sc_interfund_movement_fact_finance_manager,sc.interfund.movement.fact.finance.manager,model_sc_interfund_movement_fact,smart_construction_core.group_sc_cap_finance_manager,1,1,0,0
access_sc_interfund_movement_fact_config_admin,sc.interfund.movement.fact.config.admin,model_sc_interfund_movement_fact,smart_construction_core.group_sc_cap_config_admin,1,1,0,0
access_sc_finance_business_fact_finance_read,sc.finance.business.fact.finance.read,model_sc_finance_business_fact,smart_construction_core.group_sc_cap_finance_read,1,1,0,0
access_sc_finance_business_fact_finance_user,sc.finance.business.fact.finance.user,model_sc_finance_business_fact,smart_construction_core.group_sc_cap_finance_user,1,1,0,0
access_sc_finance_business_fact_finance_manager,sc.finance.business.fact.finance.manager,model_sc_finance_business_fact,smart_construction_core.group_sc_cap_finance_manager,1,1,0,0
access_sc_finance_business_fact_config_admin,sc.finance.business.fact.config.admin,model_sc_finance_business_fact,smart_construction_core.group_sc_cap_config_admin,1,1,0,0
access_sc_finance_business_project_summary_finance_read,sc.finance.business.project.summary.finance.read,model_sc_finance_business_project_summary,smart_construction_core.group_sc_cap_finance_read,1,1,0,0
access_sc_finance_business_project_summary_finance_user,sc.finance.business.project.summary.finance.user,model_sc_finance_business_project_summary,smart_construction_core.group_sc_cap_finance_user,1,1,0,0
access_sc_finance_business_project_summary_finance_manager,sc.finance.business.project.summary.finance.manager,model_sc_finance_business_project_summary,smart_construction_core.group_sc_cap_finance_manager,1,1,0,0
access_sc_finance_business_project_summary_config_admin,sc.finance.business.project.summary.config.admin,model_sc_finance_business_project_summary,smart_construction_core.group_sc_cap_config_admin,1,1,0,0
access_sc_interfund_movement_project_summary_finance_read,sc.interfund.movement.project.summary.finance.read,model_sc_interfund_movement_project_summary,smart_construction_core.group_sc_cap_finance_read,1,1,0,0
access_sc_interfund_movement_project_summary_finance_user,sc.interfund.movement.project.summary.finance.user,model_sc_interfund_movement_project_summary,smart_construction_core.group_sc_cap_finance_user,1,1,0,0
access_sc_interfund_movement_project_summary_finance_manager,sc.interfund.movement.project.summary.finance.manager,model_sc_interfund_movement_project_summary,smart_construction_core.group_sc_cap_finance_manager,1,1,0,0
access_sc_interfund_movement_project_summary_config_admin,sc.interfund.movement.project.summary.config.admin,model_sc_interfund_movement_project_summary,smart_construction_core.group_sc_cap_config_admin,1,1,0,0
access_sc_finance_project_capital_position_finance_read,sc.finance.project.capital.position.finance.read,model_sc_finance_project_capital_position,smart_construction_core.group_sc_cap_finance_read,1,1,0,0
access_sc_finance_project_capital_position_finance_user,sc.finance.project.capital.position.finance.user,model_sc_finance_project_capital_position,smart_construction_core.group_sc_cap_finance_user,1,1,0,0
access_sc_finance_project_capital_position_finance_manager,sc.finance.project.capital.position.finance.manager,model_sc_finance_project_capital_position,smart_construction_core.group_sc_cap_finance_manager,1,1,0,0
access_sc_finance_project_capital_position_config_admin,sc.finance.project.capital.position.config.admin,model_sc_finance_project_capital_position,smart_construction_core.group_sc_cap_config_admin,1,1,0,0
access_sc_finance_project_counterparty_position_finance_read,sc.finance.project.counterparty.position.finance.read,model_sc_finance_project_counterparty_position,smart_construction_core.group_sc_cap_finance_read,1,1,0,0
access_sc_finance_project_counterparty_position_finance_user,sc.finance.project.counterparty.position.finance.user,model_sc_finance_project_counterparty_position,smart_construction_core.group_sc_cap_finance_user,1,1,0,0
access_sc_finance_project_counterparty_position_finance_manager,sc.finance.project.counterparty.position.finance.manager,model_sc_finance_project_counterparty_position,smart_construction_core.group_sc_cap_finance_manager,1,1,0,0
access_sc_finance_project_counterparty_position_config_admin,sc.finance.project.counterparty.position.config.admin,model_sc_finance_project_counterparty_position,smart_construction_core.group_sc_cap_config_admin,1,1,0,0
access_sc_finance_counterparty_position_summary_finance_read,sc.finance.counterparty.position.summary.finance.read,model_sc_finance_counterparty_position_summary,smart_construction_core.group_sc_cap_finance_read,1,1,0,0
access_sc_finance_counterparty_position_summary_finance_user,sc.finance.counterparty.position.summary.finance.user,model_sc_finance_counterparty_position_summary,smart_construction_core.group_sc_cap_finance_user,1,1,0,0
access_sc_finance_counterparty_position_summary_finance_manager,sc.finance.counterparty.position.summary.finance.manager,model_sc_finance_counterparty_position_summary,smart_construction_core.group_sc_cap_finance_manager,1,1,0,0
access_sc_finance_counterparty_position_summary_config_admin,sc.finance.counterparty.position.summary.config.admin,model_sc_finance_counterparty_position_summary,smart_construction_core.group_sc_cap_config_admin,1,1,0,0
access_sc_company_contractor_responsibility_fact_finance_read,sc.company.contractor.responsibility.fact.finance.read,model_sc_company_contractor_responsibility_fact,smart_construction_core.group_sc_cap_finance_read,1,1,0,0
access_sc_company_contractor_responsibility_fact_finance_user,sc.company.contractor.responsibility.fact.finance.user,model_sc_company_contractor_responsibility_fact,smart_construction_core.group_sc_cap_finance_user,1,1,0,0
access_sc_company_contractor_responsibility_fact_finance_manager,sc.company.contractor.responsibility.fact.finance.manager,model_sc_company_contractor_responsibility_fact,smart_construction_core.group_sc_cap_finance_manager,1,1,0,0
access_sc_company_contractor_responsibility_fact_config_admin,sc.company.contractor.responsibility.fact.config.admin,model_sc_company_contractor_responsibility_fact,smart_construction_core.group_sc_cap_config_admin,1,1,0,0
access_sc_expense_claim_deduction_line_finance_read,sc.expense.claim.deduction.line.finance.read,model_sc_expense_claim_deduction_line,smart_construction_core.group_sc_cap_finance_read,1,0,0,0
access_sc_expense_claim_deduction_line_finance_user,sc.expense.claim.deduction.line.finance.user,model_sc_expense_claim_deduction_line,smart_construction_core.group_sc_cap_finance_user,1,1,1,0
access_sc_expense_claim_deduction_line_finance_manager,sc.expense.claim.deduction.line.finance.manager,model_sc_expense_claim_deduction_line,smart_construction_core.group_sc_cap_finance_manager,1,1,1,1
access_sc_expense_claim_deduction_line_business_initiator,sc.expense.claim.deduction.line.business.initiator,model_sc_expense_claim_deduction_line,smart_construction_core.group_sc_cap_business_initiator,1,1,1,0
access_sc_expense_claim_deduction_line_config_admin,sc.expense.claim.deduction.line.config.admin,model_sc_expense_claim_deduction_line,smart_construction_core.group_sc_cap_config_admin,1,1,1,1
access_sc_company_contractor_responsibility_summary_finance_read,sc.company.contractor.responsibility.summary.finance.read,model_sc_company_contractor_responsibility_summary,smart_construction_core.group_sc_cap_finance_read,1,1,0,0
access_sc_company_contractor_responsibility_summary_finance_user,sc.company.contractor.responsibility.summary.finance.user,model_sc_company_contractor_responsibility_summary,smart_construction_core.group_sc_cap_finance_user,1,1,0,0
access_sc_company_contractor_responsibility_summary_finance_manager,sc.company.contractor.responsibility.summary.finance.manager,model_sc_company_contractor_responsibility_summary,smart_construction_core.group_sc_cap_finance_manager,1,1,0,0
access_sc_company_contractor_responsibility_summary_config_admin,sc.company.contractor.responsibility.summary.config.admin,model_sc_company_contractor_responsibility_summary,smart_construction_core.group_sc_cap_config_admin,1,1,0,0
access_sc_project_member_assignment_business_config_admin,sc.project.member.assignment.business.config.admin,model_sc_project_member_assignment,smart_construction_core.group_sc_cap_business_config_admin,1,1,1,0
access_sc_user_profile_document_business_config_admin,sc.user.profile.document.business.config.admin,model_sc_user_profile_document,smart_construction_core.group_sc_cap_business_config_admin,1,1,1,0
access_sc_user_profile_document_own_read,sc.user.profile.document.own.read,model_sc_user_profile_document,smart_construction_core.group_sc_internal_user,1,0,0,0
